Command line invocation:
    /Applications/Xcode_16.4.app/Contents/Developer/usr/bin/xcodebuild -project Brochacho.xcodeproj -scheme Brochacho -configuration Debug -destination platform=macOS CODE_SIGNING_ALLOWED=NO build

Build settings from command line:
    CODE_SIGNING_ALLOWED = NO

Resolve Package Graph

Fetching from https://github.com/soffes/HotKey

Creating working copy of package ‘HotKey’

Checking out 0.2.1 of package ‘HotKey’

Resolve Package Graph


Resolved source packages:
  BrochachoCore: /Users/runner/work/brochacho/brochacho
  RotationBridge: /Users/runner/work/brochacho/brochacho/App/RotationBridge
  HotKey: https://github.com/soffes/HotKey @ 0.2.1
  DynamicNotchKit: /Users/runner/work/brochacho/brochacho/App/Vendor/DynamicNotchKit

--- xcodebuild: WARNING: Using the first of multiple matching destinations:
{ platform:macOS, arch:arm64, id:3d007721928c8de08d7dc6dc21639807791eb469, name:My Mac }
{ platform:macOS, arch:x86_64, id:3d007721928c8de08d7dc6dc21639807791eb469, name:My Mac }
ComputePackagePrebuildTargetDependencyGraph

Prepare packages

CreateBuildRequest

SendProjectDescription

CreateBuildOperation

ComputeTargetDependencyGraph
note: Building targets in dependency order
note: Target dependency graph (9 targets)
    Target 'Brochacho' in project 'Brochacho'
        ➜ Explicit dependency on target 'BrochachoCore' in project 'BrochachoCore'
        ➜ Explicit dependency on target 'DynamicNotchKit' in project 'DynamicNotchKit'
        ➜ Explicit dependency on target 'HotKey' in project 'HotKey'
        ➜ Explicit dependency on target 'RotationBridge' in project 'RotationBridge'
    Target 'RotationBridge' in project 'RotationBridge'
        ➜ Explicit dependency on target 'RotationBridge' in project 'RotationBridge'
    Target 'RotationBridge' in project 'RotationBridge' (no dependencies)
    Target 'HotKey' in project 'HotKey'
        ➜ Explicit dependency on target 'HotKey' in project 'HotKey'
    Target 'HotKey' in project 'HotKey' (no dependencies)
    Target 'DynamicNotchKit' in project 'DynamicNotchKit'
        ➜ Explicit dependency on target 'DynamicNotchKit' in project 'DynamicNotchKit'
    Target 'DynamicNotchKit' in project 'DynamicNotchKit' (no dependencies)
    Target 'BrochachoCore' in project 'BrochachoCore'
        ➜ Explicit dependency on target 'BrochachoCore' in project 'BrochachoCore'
    Target 'BrochachoCore' in project 'BrochachoCore' (no dependencies)

GatherProvisioningInputs

CreateBuildDescription

ExecuteExternalTool /Applications/Xcode_16.4.app/Contents/Developer/Toolchains/XcodeDefault.xctoolchain/usr/bin/swiftc --version

ExecuteExternalTool /Applications/Xcode_16.4.app/Contents/Developer/Toolchains/XcodeDefault.xctoolchain/usr/bin/clang -v -E -dM -arch arm64 -isysroot /Applications/Xcode_16.4.app/Contents/Developer/Platforms/MacOSX.platform/Developer/SDKs/MacOSX15.5.sdk -x objective-c -c /dev/null

ExecuteExternalTool /Applications/Xcode_16.4.app/Contents/Developer/Toolchains/XcodeDefault.xctoolchain/usr/bin/clang -v -E -dM -isysroot /Applications/Xcode_16.4.app/Contents/Developer/Platforms/MacOSX.platform/Developer/SDKs/MacOSX15.5.sdk -x c -c /dev/null

ExecuteExternalTool /Applications/Xcode_16.4.app/Contents/Developer/Toolchains/XcodeDefault.xctoolchain/usr/bin/ld -version_details

ExecuteExternalTool /Applications/Xcode_16.4.app/Contents/Developer/Toolchains/XcodeDefault.xctoolchain/usr/bin/clang -v -E -dM -arch arm64 -isysroot /Applications/Xcode_16.4.app/Contents/Developer/Platforms/MacOSX.platform/Developer/SDKs/MacOSX15.5.sdk -x c -c /dev/null

Build description signature: 8ad66547021143b6a76b051fe94c6aa3
Build description path: /Users/runner/Library/Developer/Xcode/DerivedData/Brochacho-bophpslfpqpondhathpifwanihyg/Build/Intermediates.noindex/XCBuildData/8ad66547021143b6a76b051fe94c6aa3.xcbuilddata
ClangStatCache /Applications/Xcode_16.4.app/Contents/Developer/Toolchains/XcodeDefault.xctoolchain/usr/bin/clang-stat-cache /Applications/Xcode_16.4.app/Contents/Developer/Platforms/MacOSX.platform/Developer/SDKs/MacOSX15.5.sdk /Users/runner/Library/Developer/Xcode/DerivedData/SDKStatCaches.noindex/macosx15.5-24F74-a403186ba963133a54a0e0cacd566b0b.sdkstatcache
    cd /Users/runner/work/brochacho/brochacho/App/Brochacho.xcodeproj
    /Applications/Xcode_16.4.app/Contents/Developer/Toolchains/XcodeDefault.xctoolchain/usr/bin/clang-stat-cache /Applications/Xcode_16.4.app/Contents/Developer/Platforms/MacOSX.platform/Developer/SDKs/MacOSX15.5.sdk -o /Users/runner/Library/Developer/Xcode/DerivedData/SDKStatCaches.noindex/macosx15.5-24F74-a403186ba963133a54a0e0cacd566b0b.sdkstatcache

CreateBuildDirectory /Users/runner/Library/Developer/Xcode/DerivedData/Brochacho-bophpslfpqpondhathpifwanihyg/Build/Intermediates.noindex
    cd /Users/runner/work/brochacho/brochacho/App/Brochacho.xcodeproj
    builtin-create-build-directory /Users/runner/Library/Developer/Xcode/DerivedData/Brochacho-bophpslfpqpondhathpifwanihyg/Build/Intermediates.noindex

CreateBuildDirectory /Users/runner/Library/Developer/Xcode/DerivedData/Brochacho-bophpslfpqpondhathpifwanihyg/Build/Products
    cd /Users/runner/work/brochacho/brochacho/App/Brochacho.xcodeproj
    builtin-create-build-directory /Users/runner/Library/Developer/Xcode/DerivedData/Brochacho-bophpslfpqpondhathpifwanihyg/Build/Products

CreateBuildDirectory /Users/runner/Library/Developer/Xcode/DerivedData/Brochacho-bophpslfpqpondhathpifwanihyg/Build/Products/Debug
    cd /Users/runner/work/brochacho/brochacho/App/Brochacho.xcodeproj
    builtin-create-build-directory /Users/runner/Library/Developer/Xcode/DerivedData/Brochacho-bophpslfpqpondhathpifwanihyg/Build/Products/Debug

CreateBuildDirectory /Users/runner/Library/Developer/Xcode/DerivedData/Brochacho-bophpslfpqpondhathpifwanihyg/Build/Intermediates.noindex/EagerLinkingTBDs/Debug
    cd /Users/runner/work/brochacho/brochacho/App/Brochacho.xcodeproj
    builtin-create-build-directory /Users/runner/Library/Developer/Xcode/DerivedData/Brochacho-bophpslfpqpondhathpifwanihyg/Build/Intermediates.noindex/EagerLinkingTBDs/Debug

WriteAuxiliaryFile /Users/runner/Library/Developer/Xcode/DerivedData/Brochacho-bophpslfpqpondhathpifwanihyg/Build/Intermediates.noindex/Brochacho.build/Debug/Brochacho-880db3ac4f0a34a3b921b39387e7cd23-VFS/all-product-headers.yaml
    cd /Users/runner/work/brochacho/brochacho/App/Brochacho.xcodeproj
    write-file /Users/runner/Library/Developer/Xcode/DerivedData/Brochacho-bophpslfpqpondhathpifwanihyg/Build/Intermediates.noindex/Brochacho.build/Debug/Brochacho-880db3ac4f0a34a3b921b39387e7cd23-VFS/all-product-headers.yaml

CreateBuildDirectory /Users/runner/Library/Developer/Xcode/DerivedData/Brochacho-bophpslfpqpondhathpifwanihyg/Build/Products/Debug/PackageFrameworks
    cd /Users/runner/work/brochacho/brochacho/App/Brochacho.xcodeproj
    builtin-create-build-directory /Users/runner/Library/Developer/Xcode/DerivedData/Brochacho-bophpslfpqpondhathpifwanihyg/Build/Products/Debug/PackageFrameworks

WriteAuxiliaryFile /Users/runner/Library/Developer/Xcode/DerivedData/Brochacho-bophpslfpqpondhathpifwanihyg/Build/Intermediates.noindex/RotationBridge.build/Debug/RotationBridge.build/RotationBridge.DependencyStaticMetadataFileList (in target 'RotationBridge' from project 'RotationBridge')
    cd /Users/runner/work/brochacho/brochacho/App/RotationBridge
    write-file /Users/runner/Library/Developer/Xcode/DerivedData/Brochacho-bophpslfpqpondhathpifwanihyg/Build/Intermediates.noindex/RotationBridge.build/Debug/RotationBridge.build/RotationBridge.DependencyStaticMetadataFileList

WriteAuxiliaryFile /Users/runner/Library/Developer/Xcode/DerivedData/Brochacho-bophpslfpqpondhathpifwanihyg/Build/Intermediates.noindex/RotationBridge.build/Debug/RotationBridge.build/RotationBridge.modulemap (in target 'RotationBridge' from project 'RotationBridge')
    cd /Users/runner/work/brochacho/brochacho/App/RotationBridge
    write-file /Users/runner/Library/Developer/Xcode/DerivedData/Brochacho-bophpslfpqpondhathpifwanihyg/Build/Intermediates.noindex/RotationBridge.build/Debug/RotationBridge.build/RotationBridge.modulemap

WriteAuxiliaryFile /Users/runner/Library/Developer/Xcode/DerivedData/Brochacho-bophpslfpqpondhathpifwanihyg/Build/Intermediates.noindex/RotationBridge.build/Debug/RotationBridge.build/RotationBridge.DependencyMetadataFileList (in target 'RotationBridge' from project 'RotationBridge')
    cd /Users/runner/work/brochacho/brochacho/App/RotationBridge
    write-file /Users/runner/Library/Developer/Xcode/DerivedData/Brochacho-bophpslfpqpondhathpifwanihyg/Build/Intermediates.noindex/RotationBridge.build/Debug/RotationBridge.build/RotationBridge.DependencyMetadataFileList

WriteAuxiliaryFile /Users/runner/Library/Developer/Xcode/DerivedData/Brochacho-bophpslfpqpondhathpifwanihyg/Build/Intermediates.noindex/RotationBridge.build/Debug/RotationBridge.build/Objects-normal/arm64/e6072d4f65d7061329687fe24e3d63a7-common-args.resp (in target 'RotationBridge' from project 'RotationBridge')
    cd /Users/runner/work/brochacho/brochacho/App/RotationBridge
    write-file /Users/runner/Library/Developer/Xcode/DerivedData/Brochacho-bophpslfpqpondhathpifwanihyg/Build/Intermediates.noindex/RotationBridge.build/Debug/RotationBridge.build/Objects-normal/arm64/e6072d4f65d7061329687fe24e3d63a7-common-args.resp
-target arm64-apple-macos13.0 -fobjc-arc -fmodules -gmodules '-fmodules-cache-path=/Users/runner/Library/Developer/Xcode/DerivedData/ModuleCache.noindex' '-fmodule-name=RotationBridge' -fpascal-strings -O0 -DSWIFT_PACKAGE '-DDEBUG=1' '-DOBJC_OLD_DISPATCH_PROTOTYPES=1' -isysroot /Applications/Xcode_16.4.app/Contents/Developer/Platforms/MacOSX.platform/Developer/SDKs/MacOSX15.5.sdk -g -I/Users/runner/Library/Developer/Xcode/DerivedData/Brochacho-bophpslfpqpondhathpifwanihyg/Build/Products/Debug/include -I/Users/runner/work/brochacho/brochacho/App/RotationBridge/Sources/RotationBridge/include -I/Users/runner/Library/Developer/Xcode/DerivedData/Brochacho-bophpslfpqpondhathpifwanihyg/Build/Intermediates.noindex/RotationBridge.build/Debug/RotationBridge.build/DerivedSources-normal/arm64 -I/Users/runner/Library/Developer/Xcode/DerivedData/Brochacho-bophpslfpqpondhathpifwanihyg/Build/Intermediates.noindex/RotationBridge.build/Debug/RotationBridge.build/DerivedSources/arm64 -I/Users/runner/Library/Developer/Xcode/DerivedData/Brochacho-bophpslfpqpondhathpifwanihyg/Build/Intermediates.noindex/RotationBridge.build/Debug/RotationBridge.build/DerivedSources -F/Users/runner/Library/Developer/Xcode/DerivedData/Brochacho-bophpslfpqpondhathpifwanihyg/Build/Products/Debug -iframework /Applications/Xcode_16.4.app/Contents/Developer/Platforms/MacOSX.platform/Developer/Library/Frameworks -DXcode

WriteAuxiliaryFile /Users/runner/Library/Developer/Xcode/DerivedData/Brochacho-bophpslfpqpondhathpifwanihyg/Build/Intermediates.noindex/RotationBridge.build/Debug/RotationBridge.build/Objects-normal/arm64/RotationBridge.LinkFileList (in target 'RotationBridge' from project 'RotationBridge')
    cd /Users/runner/work/brochacho/brochacho/App/RotationBridge
    write-file /Users/runner/Library/Developer/Xcode/DerivedData/Brochacho-bophpslfpqpondhathpifwanihyg/Build/Intermediates.noindex/RotationBridge.build/Debug/RotationBridge.build/Objects-normal/arm64/RotationBridge.LinkFileList

WriteAuxiliaryFile /Users/runner/Library/Developer/Xcode/DerivedData/Brochacho-bophpslfpqpondhathpifwanihyg/Build/Intermediates.noindex/HotKey.build/Debug/HotKey.build/Objects-normal/arm64/HotKey_const_extract_protocols.json (in target 'HotKey' from project 'HotKey')
    cd /Users/runner/Library/Developer/Xcode/DerivedData/Brochacho-bophpslfpqpondhathpifwanihyg/SourcePackages/checkouts/HotKey
    write-file /Users/runner/Library/Developer/Xcode/DerivedData/Brochacho-bophpslfpqpondhathpifwanihyg/Build/Intermediates.noindex/HotKey.build/Debug/HotKey.build/Objects-normal/arm64/HotKey_const_extract_protocols.json

WriteAuxiliaryFile /Users/runner/Library/Developer/Xcode/DerivedData/Brochacho-bophpslfpqpondhathpifwanihyg/Build/Intermediates.noindex/HotKey.build/Debug/HotKey.build/Objects-normal/arm64/HotKey.SwiftFileList (in target 'HotKey' from project 'HotKey')
    cd /Users/runner/Library/Developer/Xcode/DerivedData/Brochacho-bophpslfpqpondhathpifwanihyg/SourcePackages/checkouts/HotKey
    write-file /Users/runner/Library/Developer/Xcode/DerivedData/Brochacho-bophpslfpqpondhathpifwanihyg/Build/Intermediates.noindex/HotKey.build/Debug/HotKey.build/Objects-normal/arm64/HotKey.SwiftFileList

WriteAuxiliaryFile /Users/runner/Library/Developer/Xcode/DerivedData/Brochacho-bophpslfpqpondhathpifwanihyg/Build/Intermediates.noindex/HotKey.build/Debug/HotKey.build/Objects-normal/arm64/HotKey.SwiftConstValuesFileList (in target 'HotKey' from project 'HotKey')
    cd /Users/runner/Library/Developer/Xcode/DerivedData/Brochacho-bophpslfpqpondhathpifwanihyg/SourcePackages/checkouts/HotKey
    write-file /Users/runner/Library/Developer/Xcode/DerivedData/Brochacho-bophpslfpqpondhathpifwanihyg/Build/Intermediates.noindex/HotKey.build/Debug/HotKey.build/Objects-normal/arm64/HotKey.SwiftConstValuesFileList

Copy /Users/runner/Library/Developer/Xcode/DerivedData/Brochacho-bophpslfpqpondhathpifwanihyg/Build/Intermediates.noindex/GeneratedModuleMaps/RotationBridge.modulemap /Users/runner/Library/Developer/Xcode/DerivedData/Brochacho-bophpslfpqpondhathpifwanihyg/Build/Intermediates.noindex/RotationBridge.build/Debug/RotationBridge.build/RotationBridge.modulemap (in target 'RotationBridge' from project 'RotationBridge')
    cd /Users/runner/work/brochacho/brochacho/App/RotationBridge
    builtin-copy -exclude .DS_Store -exclude CVS -exclude .svn -exclude .git -exclude .hg -resolve-src-symlinks /Users/runner/Library/Developer/Xcode/DerivedData/Brochacho-bophpslfpqpondhathpifwanihyg/Build/Intermediates.noindex/RotationBridge.build/Debug/RotationBridge.build/RotationBridge.modulemap /Users/runner/Library/Developer/Xcode/DerivedData/Brochacho-bophpslfpqpondhathpifwanihyg/Build/Intermediates.noindex/GeneratedModuleMaps

WriteAuxiliaryFile /Users/runner/Library/Developer/Xcode/DerivedData/Brochacho-bophpslfpqpondhathpifwanihyg/Build/Intermediates.noindex/HotKey.build/Debug/HotKey.build/Objects-normal/arm64/HotKey.LinkFileList (in target 'HotKey' from project 'HotKey')
    cd /Users/runner/Library/Developer/Xcode/DerivedData/Brochacho-bophpslfpqpondhathpifwanihyg/SourcePackages/checkouts/HotKey
    write-file /Users/runner/Library/Developer/Xcode/DerivedData/Brochacho-bophpslfpqpondhathpifwanihyg/Build/Intermediates.noindex/HotKey.build/Debug/HotKey.build/Objects-normal/arm64/HotKey.LinkFileList

WriteAuxiliaryFile /Users/runner/Library/Developer/Xcode/DerivedData/Brochacho-bophpslfpqpondhathpifwanihyg/Build/Intermediates.noindex/HotKey.build/Debug/HotKey.build/Objects-normal/arm64/HotKey-OutputFileMap.json (in target 'HotKey' from project 'HotKey')
    cd /Users/runner/Library/Developer/Xcode/DerivedData/Brochacho-bophpslfpqpondhathpifwanihyg/SourcePackages/checkouts/HotKey
    write-file /Users/runner/Library/Developer/Xcode/DerivedData/Brochacho-bophpslfpqpondhathpifwanihyg/Build/Intermediates.noindex/HotKey.build/Debug/HotKey.build/Objects-normal/arm64/HotKey-OutputFileMap.json

WriteAuxiliaryFile /Users/runner/Library/Developer/Xcode/DerivedData/Brochacho-bophpslfpqpondhathpifwanihyg/Build/Intermediates.noindex/HotKey.build/Debug/HotKey.build/HotKey.modulemap (in target 'HotKey' from project 'HotKey')
    cd /Users/runner/Library/Developer/Xcode/DerivedData/Brochacho-bophpslfpqpondhathpifwanihyg/SourcePackages/checkouts/HotKey
    write-file /Users/runner/Library/Developer/Xcode/DerivedData/Brochacho-bophpslfpqpondhathpifwanihyg/Build/Intermediates.noindex/HotKey.build/Debug/HotKey.build/HotKey.modulemap

WriteAuxiliaryFile /Users/runner/Library/Developer/Xcode/DerivedData/Brochacho-bophpslfpqpondhathpifwanihyg/Build/Intermediates.noindex/HotKey.build/Debug/HotKey.build/HotKey.DependencyStaticMetadataFileList (in target 'HotKey' from project 'HotKey')
    cd /Users/runner/Library/Developer/Xcode/DerivedData/Brochacho-bophpslfpqpondhathpifwanihyg/SourcePackages/checkouts/HotKey
    write-file /Users/runner/Library/Developer/Xcode/DerivedData/Brochacho-bophpslfpqpondhathpifwanihyg/Build/Intermediates.noindex/HotKey.build/Debug/HotKey.build/HotKey.DependencyStaticMetadataFileList

WriteAuxiliaryFile /Users/runner/Library/Developer/Xcode/DerivedData/Brochacho-bophpslfpqpondhathpifwanihyg/Build/Intermediates.noindex/HotKey.build/Debug/HotKey.build/HotKey.DependencyMetadataFileList (in target 'HotKey' from project 'HotKey')
    cd /Users/runner/Library/Developer/Xcode/DerivedData/Brochacho-bophpslfpqpondhathpifwanihyg/SourcePackages/checkouts/HotKey
    write-file /Users/runner/Library/Developer/Xcode/DerivedData/Brochacho-bophpslfpqpondhathpifwanihyg/Build/Intermediates.noindex/HotKey.build/Debug/HotKey.build/HotKey.DependencyMetadataFileList

WriteAuxiliaryFile /Users/runner/Library/Developer/Xcode/DerivedData/Brochacho-bophpslfpqpondhathpifwanihyg/Build/Intermediates.noindex/DynamicNotchKit.build/Debug/DynamicNotchKit.build/Objects-normal/arm64/DynamicNotchKit_const_extract_protocols.json (in target 'DynamicNotchKit' from project 'DynamicNotchKit')
    cd /Users/runner/work/brochacho/brochacho/App/Vendor/DynamicNotchKit
    write-file /Users/runner/Library/Developer/Xcode/DerivedData/Brochacho-bophpslfpqpondhathpifwanihyg/Build/Intermediates.noindex/DynamicNotchKit.build/Debug/DynamicNotchKit.build/Objects-normal/arm64/DynamicNotchKit_const_extract_protocols.json

Copy /Users/runner/Library/Developer/Xcode/DerivedData/Brochacho-bophpslfpqpondhathpifwanihyg/Build/Intermediates.noindex/GeneratedModuleMaps/HotKey.modulemap /Users/runner/Library/Developer/Xcode/DerivedData/Brochacho-bophpslfpqpondhathpifwanihyg/Build/Intermediates.noindex/HotKey.build/Debug/HotKey.build/HotKey.modulemap (in target 'HotKey' from project 'HotKey')
    cd /Users/runner/Library/Developer/Xcode/DerivedData/Brochacho-bophpslfpqpondhathpifwanihyg/SourcePackages/checkouts/HotKey
    builtin-copy -exclude .DS_Store -exclude CVS -exclude .svn -exclude .git -exclude .hg -resolve-src-symlinks /Users/runner/Library/Developer/Xcode/DerivedData/Brochacho-bophpslfpqpondhathpifwanihyg/Build/Intermediates.noindex/HotKey.build/Debug/HotKey.build/HotKey.modulemap /Users/runner/Library/Developer/Xcode/DerivedData/Brochacho-bophpslfpqpondhathpifwanihyg/Build/Intermediates.noindex/GeneratedModuleMaps

WriteAuxiliaryFile /Users/runner/Library/Developer/Xcode/DerivedData/Brochacho-bophpslfpqpondhathpifwanihyg/Build/Intermediates.noindex/DynamicNotchKit.build/Debug/DynamicNotchKit.build/Objects-normal/arm64/DynamicNotchKit.SwiftFileList (in target 'DynamicNotchKit' from project 'DynamicNotchKit')
    cd /Users/runner/work/brochacho/brochacho/App/Vendor/DynamicNotchKit
    write-file /Users/runner/Library/Developer/Xcode/DerivedData/Brochacho-bophpslfpqpondhathpifwanihyg/Build/Intermediates.noindex/DynamicNotchKit.build/Debug/DynamicNotchKit.build/Objects-normal/arm64/DynamicNotchKit.SwiftFileList

WriteAuxiliaryFile /Users/runner/Library/Developer/Xcode/DerivedData/Brochacho-bophpslfpqpondhathpifwanihyg/Build/Intermediates.noindex/DynamicNotchKit.build/Debug/DynamicNotchKit.build/Objects-normal/arm64/DynamicNotchKit.SwiftConstValuesFileList (in target 'DynamicNotchKit' from project 'DynamicNotchKit')
    cd /Users/runner/work/brochacho/brochacho/App/Vendor/DynamicNotchKit
    write-file /Users/runner/Library/Developer/Xcode/DerivedData/Brochacho-bophpslfpqpondhathpifwanihyg/Build/Intermediates.noindex/DynamicNotchKit.build/Debug/DynamicNotchKit.build/Objects-normal/arm64/DynamicNotchKit.SwiftConstValuesFileList

WriteAuxiliaryFile /Users/runner/Library/Developer/Xcode/DerivedData/Brochacho-bophpslfpqpondhathpifwanihyg/Build/Intermediates.noindex/DynamicNotchKit.build/Debug/DynamicNotchKit.build/Objects-normal/arm64/DynamicNotchKit.LinkFileList (in target 'DynamicNotchKit' from project 'DynamicNotchKit')
    cd /Users/runner/work/brochacho/brochacho/App/Vendor/DynamicNotchKit
    write-file /Users/runner/Library/Developer/Xcode/DerivedData/Brochacho-bophpslfpqpondhathpifwanihyg/Build/Intermediates.noindex/DynamicNotchKit.build/Debug/DynamicNotchKit.build/Objects-normal/arm64/DynamicNotchKit.LinkFileList

WriteAuxiliaryFile /Users/runner/Library/Developer/Xcode/DerivedData/Brochacho-bophpslfpqpondhathpifwanihyg/Build/Intermediates.noindex/DynamicNotchKit.build/Debug/DynamicNotchKit.build/Objects-normal/arm64/DynamicNotchKit-OutputFileMap.json (in target 'DynamicNotchKit' from project 'DynamicNotchKit')
    cd /Users/runner/work/brochacho/brochacho/App/Vendor/DynamicNotchKit
    write-file /Users/runner/Library/Developer/Xcode/DerivedData/Brochacho-bophpslfpqpondhathpifwanihyg/Build/Intermediates.noindex/DynamicNotchKit.build/Debug/DynamicNotchKit.build/Objects-normal/arm64/DynamicNotchKit-OutputFileMap.json

WriteAuxiliaryFile /Users/runner/Library/Developer/Xcode/DerivedData/Brochacho-bophpslfpqpondhathpifwanihyg/Build/Intermediates.noindex/DynamicNotchKit.build/Debug/DynamicNotchKit.build/DynamicNotchKit.modulemap (in target 'DynamicNotchKit' from project 'DynamicNotchKit')
    cd /Users/runner/work/brochacho/brochacho/App/Vendor/DynamicNotchKit
    write-file /Users/runner/Library/Developer/Xcode/DerivedData/Brochacho-bophpslfpqpondhathpifwanihyg/Build/Intermediates.noindex/DynamicNotchKit.build/Debug/DynamicNotchKit.build/DynamicNotchKit.modulemap

WriteAuxiliaryFile /Users/runner/Library/Developer/Xcode/DerivedData/Brochacho-bophpslfpqpondhathpifwanihyg/Build/Intermediates.noindex/DynamicNotchKit.build/Debug/DynamicNotchKit.build/DynamicNotchKit.DependencyStaticMetadataFileList (in target 'DynamicNotchKit' from project 'DynamicNotchKit')
    cd /Users/runner/work/brochacho/brochacho/App/Vendor/DynamicNotchKit
    write-file /Users/runner/Library/Developer/Xcode/DerivedData/Brochacho-bophpslfpqpondhathpifwanihyg/Build/Intermediates.noindex/DynamicNotchKit.build/Debug/DynamicNotchKit.build/DynamicNotchKit.DependencyStaticMetadataFileList

WriteAuxiliaryFile /Users/runner/Library/Developer/Xcode/DerivedData/Brochacho-bophpslfpqpondhathpifwanihyg/Build/Intermediates.noindex/DynamicNotchKit.build/Debug/DynamicNotchKit.build/DynamicNotchKit.DependencyMetadataFileList (in target 'DynamicNotchKit' from project 'DynamicNotchKit')
    cd /Users/runner/work/brochacho/brochacho/App/Vendor/DynamicNotchKit
    write-file /Users/runner/Library/Developer/Xcode/DerivedData/Brochacho-bophpslfpqpondhathpifwanihyg/Build/Intermediates.noindex/DynamicNotchKit.build/Debug/DynamicNotchKit.build/DynamicNotchKit.DependencyMetadataFileList

WriteAuxiliaryFile /Users/runner/Library/Developer/Xcode/DerivedData/Brochacho-bophpslfpqpondhathpifwanihyg/Build/Intermediates.noindex/BrochachoCore.build/Debug/BrochachoCore.build/Objects-normal/arm64/BrochachoCore.SwiftFileList (in target 'BrochachoCore' from project 'BrochachoCore')
    cd /Users/runner/work/brochacho/brochacho
    write-file /Users/runner/Library/Developer/Xcode/DerivedData/Brochacho-bophpslfpqpondhathpifwanihyg/Build/Intermediates.noindex/BrochachoCore.build/Debug/BrochachoCore.build/Objects-normal/arm64/BrochachoCore.SwiftFileList

WriteAuxiliaryFile /Users/runner/Library/Developer/Xcode/DerivedData/Brochacho-bophpslfpqpondhathpifwanihyg/Build/Intermediates.noindex/BrochachoCore.build/Debug/BrochachoCore.build/Objects-normal/arm64/BrochachoCore_const_extract_protocols.json (in target 'BrochachoCore' from project 'BrochachoCore')
    cd /Users/runner/work/brochacho/brochacho
    write-file /Users/runner/Library/Developer/Xcode/DerivedData/Brochacho-bophpslfpqpondhathpifwanihyg/Build/Intermediates.noindex/BrochachoCore.build/Debug/BrochachoCore.build/Objects-normal/arm64/BrochachoCore_const_extract_protocols.json

Copy /Users/runner/Library/Developer/Xcode/DerivedData/Brochacho-bophpslfpqpondhathpifwanihyg/Build/Intermediates.noindex/GeneratedModuleMaps/DynamicNotchKit.modulemap /Users/runner/Library/Developer/Xcode/DerivedData/Brochacho-bophpslfpqpondhathpifwanihyg/Build/Intermediates.noindex/DynamicNotchKit.build/Debug/DynamicNotchKit.build/DynamicNotchKit.modulemap (in target 'DynamicNotchKit' from project 'DynamicNotchKit')
    cd /Users/runner/work/brochacho/brochacho/App/Vendor/DynamicNotchKit
    builtin-copy -exclude .DS_Store -exclude CVS -exclude .svn -exclude .git -exclude .hg -resolve-src-symlinks /Users/runner/Library/Developer/Xcode/DerivedData/Brochacho-bophpslfpqpondhathpifwanihyg/Build/Intermediates.noindex/DynamicNotchKit.build/Debug/DynamicNotchKit.build/DynamicNotchKit.modulemap /Users/runner/Library/Developer/Xcode/DerivedData/Brochacho-bophpslfpqpondhathpifwanihyg/Build/Intermediates.noindex/GeneratedModuleMaps

WriteAuxiliaryFile /Users/runner/Library/Developer/Xcode/DerivedData/Brochacho-bophpslfpqpondhathpifwanihyg/Build/Intermediates.noindex/BrochachoCore.build/Debug/BrochachoCore.build/Objects-normal/arm64/BrochachoCore.SwiftConstValuesFileList (in target 'BrochachoCore' from project 'BrochachoCore')
    cd /Users/runner/work/brochacho/brochacho
    write-file /Users/runner/Library/Developer/Xcode/DerivedData/Brochacho-bophpslfpqpondhathpifwanihyg/Build/Intermediates.noindex/BrochachoCore.build/Debug/BrochachoCore.build/Objects-normal/arm64/BrochachoCore.SwiftConstValuesFileList

WriteAuxiliaryFile /Users/runner/Library/Developer/Xcode/DerivedData/Brochacho-bophpslfpqpondhathpifwanihyg/Build/Intermediates.noindex/BrochachoCore.build/Debug/BrochachoCore.build/Objects-normal/arm64/BrochachoCore.LinkFileList (in target 'BrochachoCore' from project 'BrochachoCore')
    cd /Users/runner/work/brochacho/brochacho
    write-file /Users/runner/Library/Developer/Xcode/DerivedData/Brochacho-bophpslfpqpondhathpifwanihyg/Build/Intermediates.noindex/BrochachoCore.build/Debug/BrochachoCore.build/Objects-normal/arm64/BrochachoCore.LinkFileList

WriteAuxiliaryFile /Users/runner/Library/Developer/Xcode/DerivedData/Brochacho-bophpslfpqpondhathpifwanihyg/Build/Intermediates.noindex/BrochachoCore.build/Debug/BrochachoCore.build/Objects-normal/arm64/BrochachoCore-OutputFileMap.json (in target 'BrochachoCore' from project 'BrochachoCore')
    cd /Users/runner/work/brochacho/brochacho
    write-file /Users/runner/Library/Developer/Xcode/DerivedData/Brochacho-bophpslfpqpondhathpifwanihyg/Build/Intermediates.noindex/BrochachoCore.build/Debug/BrochachoCore.build/Objects-normal/arm64/BrochachoCore-OutputFileMap.json

WriteAuxiliaryFile /Users/runner/Library/Developer/Xcode/DerivedData/Brochacho-bophpslfpqpondhathpifwanihyg/Build/Intermediates.noindex/BrochachoCore.build/Debug/BrochachoCore.build/BrochachoCore.modulemap (in target 'BrochachoCore' from project 'BrochachoCore')
    cd /Users/runner/work/brochacho/brochacho
    write-file /Users/runner/Library/Developer/Xcode/DerivedData/Brochacho-bophpslfpqpondhathpifwanihyg/Build/Intermediates.noindex/BrochachoCore.build/Debug/BrochachoCore.build/BrochachoCore.modulemap

WriteAuxiliaryFile /Users/runner/Library/Developer/Xcode/DerivedData/Brochacho-bophpslfpqpondhathpifwanihyg/Build/Intermediates.noindex/BrochachoCore.build/Debug/BrochachoCore.build/BrochachoCore.DependencyStaticMetadataFileList (in target 'BrochachoCore' from project 'BrochachoCore')
    cd /Users/runner/work/brochacho/brochacho
    write-file /Users/runner/Library/Developer/Xcode/DerivedData/Brochacho-bophpslfpqpondhathpifwanihyg/Build/Intermediates.noindex/BrochachoCore.build/Debug/BrochachoCore.build/BrochachoCore.DependencyStaticMetadataFileList

WriteAuxiliaryFile /Users/runner/Library/Developer/Xcode/DerivedData/Brochacho-bophpslfpqpondhathpifwanihyg/Build/Intermediates.noindex/BrochachoCore.build/Debug/BrochachoCore.build/BrochachoCore.DependencyMetadataFileList (in target 'BrochachoCore' from project 'BrochachoCore')
    cd /Users/runner/work/brochacho/brochacho
    write-file /Users/runner/Library/Developer/Xcode/DerivedData/Brochacho-bophpslfpqpondhathpifwanihyg/Build/Intermediates.noindex/BrochachoCore.build/Debug/BrochachoCore.build/BrochachoCore.DependencyMetadataFileList

WriteAuxiliaryFile /Users/runner/Library/Developer/Xcode/DerivedData/Brochacho-bophpslfpqpondhathpifwanihyg/Build/Intermediates.noindex/Brochacho.build/Debug/Brochacho.build/Objects-normal/arm64/Brochacho.SwiftFileList (in target 'Brochacho' from project 'Brochacho')
    cd /Users/runner/work/brochacho/brochacho/App
    write-file /Users/runner/Library/Developer/Xcode/DerivedData/Brochacho-bophpslfpqpondhathpifwanihyg/Build/Intermediates.noindex/Brochacho.build/Debug/Brochacho.build/Objects-normal/arm64/Brochacho.SwiftFileList

WriteAuxiliaryFile /Users/runner/Library/Developer/Xcode/DerivedData/Brochacho-bophpslfpqpondhathpifwanihyg/Build/Intermediates.noindex/Brochacho.build/Debug/Brochacho.build/Objects-normal/arm64/Brochacho_const_extract_protocols.json (in target 'Brochacho' from project 'Brochacho')
    cd /Users/runner/work/brochacho/brochacho/App
    write-file /Users/runner/Library/Developer/Xcode/DerivedData/Brochacho-bophpslfpqpondhathpifwanihyg/Build/Intermediates.noindex/Brochacho.build/Debug/Brochacho.build/Objects-normal/arm64/Brochacho_const_extract_protocols.json

Copy /Users/runner/Library/Developer/Xcode/DerivedData/Brochacho-bophpslfpqpondhathpifwanihyg/Build/Intermediates.noindex/GeneratedModuleMaps/BrochachoCore.modulemap /Users/runner/Library/Developer/Xcode/DerivedData/Brochacho-bophpslfpqpondhathpifwanihyg/Build/Intermediates.noindex/BrochachoCore.build/Debug/BrochachoCore.build/BrochachoCore.modulemap (in target 'BrochachoCore' from project 'BrochachoCore')
    cd /Users/runner/work/brochacho/brochacho
    builtin-copy -exclude .DS_Store -exclude CVS -exclude .svn -exclude .git -exclude .hg -resolve-src-symlinks /Users/runner/Library/Developer/Xcode/DerivedData/Brochacho-bophpslfpqpondhathpifwanihyg/Build/Intermediates.noindex/BrochachoCore.build/Debug/BrochachoCore.build/BrochachoCore.modulemap /Users/runner/Library/Developer/Xcode/DerivedData/Brochacho-bophpslfpqpondhathpifwanihyg/Build/Intermediates.noindex/GeneratedModuleMaps

WriteAuxiliaryFile /Users/runner/Library/Developer/Xcode/DerivedData/Brochacho-bophpslfpqpondhathpifwanihyg/Build/Intermediates.noindex/Brochacho.build/Debug/Brochacho.build/Objects-normal/arm64/Brochacho.SwiftConstValuesFileList (in target 'Brochacho' from project 'Brochacho')
    cd /Users/runner/work/brochacho/brochacho/App
    write-file /Users/runner/Library/Developer/Xcode/DerivedData/Brochacho-bophpslfpqpondhathpifwanihyg/Build/Intermediates.noindex/Brochacho.build/Debug/Brochacho.build/Objects-normal/arm64/Brochacho.SwiftConstValuesFileList

WriteAuxiliaryFile /Users/runner/Library/Developer/Xcode/DerivedData/Brochacho-bophpslfpqpondhathpifwanihyg/Build/Intermediates.noindex/Brochacho.build/Debug/Brochacho.build/Objects-normal/arm64/Brochacho.LinkFileList (in target 'Brochacho' from project 'Brochacho')
    cd /Users/runner/work/brochacho/brochacho/App
    write-file /Users/runner/Library/Developer/Xcode/DerivedData/Brochacho-bophpslfpqpondhathpifwanihyg/Build/Intermediates.noindex/Brochacho.build/Debug/Brochacho.build/Objects-normal/arm64/Brochacho.LinkFileList

WriteAuxiliaryFile /Users/runner/Library/Developer/Xcode/DerivedData/Brochacho-bophpslfpqpondhathpifwanihyg/Build/Intermediates.noindex/Brochacho.build/Debug/Brochacho.build/Objects-normal/arm64/Brochacho-OutputFileMap.json (in target 'Brochacho' from project 'Brochacho')
    cd /Users/runner/work/brochacho/brochacho/App
    write-file /Users/runner/Library/Developer/Xcode/DerivedData/Brochacho-bophpslfpqpondhathpifwanihyg/Build/Intermediates.noindex/Brochacho.build/Debug/Brochacho.build/Objects-normal/arm64/Brochacho-OutputFileMap.json

WriteAuxiliaryFile /Users/runner/Library/Developer/Xcode/DerivedData/Brochacho-bophpslfpqpondhathpifwanihyg/Build/Intermediates.noindex/Brochacho.build/Debug/Brochacho.build/Brochacho.hmap (in target 'Brochacho' from project 'Brochacho')
    cd /Users/runner/work/brochacho/brochacho/App
    write-file /Users/runner/Library/Developer/Xcode/DerivedData/Brochacho-bophpslfpqpondhathpifwanihyg/Build/Intermediates.noindex/Brochacho.build/Debug/Brochacho.build/Brochacho.hmap

WriteAuxiliaryFile /Users/runner/Library/Developer/Xcode/DerivedData/Brochacho-bophpslfpqpondhathpifwanihyg/Build/Intermediates.noindex/Brochacho.build/Debug/Brochacho.build/Brochacho.DependencyStaticMetadataFileList (in target 'Brochacho' from project 'Brochacho')
    cd /Users/runner/work/brochacho/brochacho/App
    write-file /Users/runner/Library/Developer/Xcode/DerivedData/Brochacho-bophpslfpqpondhathpifwanihyg/Build/Intermediates.noindex/Brochacho.build/Debug/Brochacho.build/Brochacho.DependencyStaticMetadataFileList

WriteAuxiliaryFile /Users/runner/Library/Developer/Xcode/DerivedData/Brochacho-bophpslfpqpondhathpifwanihyg/Build/Intermediates.noindex/Brochacho.build/Debug/Brochacho.build/Brochacho.DependencyMetadataFileList (in target 'Brochacho' from project 'Brochacho')
    cd /Users/runner/work/brochacho/brochacho/App
    write-file /Users/runner/Library/Developer/Xcode/DerivedData/Brochacho-bophpslfpqpondhathpifwanihyg/Build/Intermediates.noindex/Brochacho.build/Debug/Brochacho.build/Brochacho.DependencyMetadataFileList

WriteAuxiliaryFile /Users/runner/Library/Developer/Xcode/DerivedData/Brochacho-bophpslfpqpondhathpifwanihyg/Build/Intermediates.noindex/Brochacho.build/Debug/Brochacho.build/Brochacho-project-headers.hmap (in target 'Brochacho' from project 'Brochacho')
    cd /Users/runner/work/brochacho/brochacho/App
    write-file /Users/runner/Library/Developer/Xcode/DerivedData/Brochacho-bophpslfpqpondhathpifwanihyg/Build/Intermediates.noindex/Brochacho.build/Debug/Brochacho.build/Brochacho-project-headers.hmap

WriteAuxiliaryFile /Users/runner/Library/Developer/Xcode/DerivedData/Brochacho-bophpslfpqpondhathpifwanihyg/Build/Intermediates.noindex/Brochacho.build/Debug/Brochacho.build/Brochacho-own-target-headers.hmap (in target 'Brochacho' from project 'Brochacho')
    cd /Users/runner/work/brochacho/brochacho/App
    write-file /Users/runner/Library/Developer/Xcode/DerivedData/Brochacho-bophpslfpqpondhathpifwanihyg/Build/Intermediates.noindex/Brochacho.build/Debug/Brochacho.build/Brochacho-own-target-headers.hmap

WriteAuxiliaryFile /Users/runner/Library/Developer/Xcode/DerivedData/Brochacho-bophpslfpqpondhathpifwanihyg/Build/Intermediates.noindex/Brochacho.build/Debug/Brochacho.build/Brochacho-generated-files.hmap (in target 'Brochacho' from project 'Brochacho')
    cd /Users/runner/work/brochacho/brochacho/App
    write-file /Users/runner/Library/Developer/Xcode/DerivedData/Brochacho-bophpslfpqpondhathpifwanihyg/Build/Intermediates.noindex/Brochacho.build/Debug/Brochacho.build/Brochacho-generated-files.hmap

WriteAuxiliaryFile /Users/runner/Library/Developer/Xcode/DerivedData/Brochacho-bophpslfpqpondhathpifwanihyg/Build/Intermediates.noindex/Brochacho.build/Debug/Brochacho.build/Brochacho-all-target-headers.hmap (in target 'Brochacho' from project 'Brochacho')
    cd /Users/runner/work/brochacho/brochacho/App
    write-file /Users/runner/Library/Developer/Xcode/DerivedData/Brochacho-bophpslfpqpondhathpifwanihyg/Build/Intermediates.noindex/Brochacho.build/Debug/Brochacho.build/Brochacho-all-target-headers.hmap

WriteAuxiliaryFile /Users/runner/Library/Developer/Xcode/DerivedData/Brochacho-bophpslfpqpondhathpifwanihyg/Build/Intermediates.noindex/Brochacho.build/Debug/Brochacho.build/Brochacho-all-non-framework-target-headers.hmap (in target 'Brochacho' from project 'Brochacho')
    cd /Users/runner/work/brochacho/brochacho/App
    write-file /Users/runner/Library/Developer/Xcode/DerivedData/Brochacho-bophpslfpqpondhathpifwanihyg/Build/Intermediates.noindex/Brochacho.build/Debug/Brochacho.build/Brochacho-all-non-framework-target-headers.hmap

WriteAuxiliaryFile /Users/runner/Library/Developer/Xcode/DerivedData/Brochacho-bophpslfpqpondhathpifwanihyg/Build/Intermediates.noindex/Brochacho.build/Debug/Brochacho.build/Brochacho-DebugDylibPath-normal-arm64.txt (in target 'Brochacho' from project 'Brochacho')
    cd /Users/runner/work/brochacho/brochacho/App
    write-file /Users/runner/Library/Developer/Xcode/DerivedData/Brochacho-bophpslfpqpondhathpifwanihyg/Build/Intermediates.noindex/Brochacho.build/Debug/Brochacho.build/Brochacho-DebugDylibPath-normal-arm64.txt

WriteAuxiliaryFile /Users/runner/Library/Developer/Xcode/DerivedData/Brochacho-bophpslfpqpondhathpifwanihyg/Build/Intermediates.noindex/Brochacho.build/Debug/Brochacho.build/Brochacho-DebugDylibInstallName-normal-arm64.txt (in target 'Brochacho' from project 'Brochacho')
    cd /Users/runner/work/brochacho/brochacho/App
    write-file /Users/runner/Library/Developer/Xcode/DerivedData/Brochacho-bophpslfpqpondhathpifwanihyg/Build/Intermediates.noindex/Brochacho.build/Debug/Brochacho.build/Brochacho-DebugDylibInstallName-normal-arm64.txt

MkDir /Users/runner/Library/Developer/Xcode/DerivedData/Brochacho-bophpslfpqpondhathpifwanihyg/Build/Products/Debug/Brochacho.app/Contents/MacOS (in target 'Brochacho' from project 'Brochacho')
    cd /Users/runner/work/brochacho/brochacho/App
    /bin/mkdir -p /Users/runner/Library/Developer/Xcode/DerivedData/Brochacho-bophpslfpqpondhathpifwanihyg/Build/Products/Debug/Brochacho.app/Contents/MacOS

MkDir /Users/runner/Library/Developer/Xcode/DerivedData/Brochacho-bophpslfpqpondhathpifwanihyg/Build/Products/Debug/Brochacho.app/Contents/Resources (in target 'Brochacho' from project 'Brochacho')
    cd /Users/runner/work/brochacho/brochacho/App
    /bin/mkdir -p /Users/runner/Library/Developer/Xcode/DerivedData/Brochacho-bophpslfpqpondhathpifwanihyg/Build/Products/Debug/Brochacho.app/Contents/Resources

MkDir /Users/runner/Library/Developer/Xcode/DerivedData/Brochacho-bophpslfpqpondhathpifwanihyg/Build/Products/Debug/Brochacho.app/Contents (in target 'Brochacho' from project 'Brochacho')
    cd /Users/runner/work/brochacho/brochacho/App
    /bin/mkdir -p /Users/runner/Library/Developer/Xcode/DerivedData/Brochacho-bophpslfpqpondhathpifwanihyg/Build/Products/Debug/Brochacho.app/Contents

MkDir /Users/runner/Library/Developer/Xcode/DerivedData/Brochacho-bophpslfpqpondhathpifwanihyg/Build/Products/Debug/Brochacho.app (in target 'Brochacho' from project 'Brochacho')
    cd /Users/runner/work/brochacho/brochacho/App
    /bin/mkdir -p /Users/runner/Library/Developer/Xcode/DerivedData/Brochacho-bophpslfpqpondhathpifwanihyg/Build/Products/Debug/Brochacho.app

ScanDependencies /Users/runner/Library/Developer/Xcode/DerivedData/Brochacho-bophpslfpqpondhathpifwanihyg/Build/Intermediates.noindex/RotationBridge.build/Debug/RotationBridge.build/Objects-normal/arm64/RotationBridge.o /Users/runner/work/brochacho/brochacho/App/RotationBridge/Sources/RotationBridge/RotationBridge.m normal arm64 objective-c com.apple.compilers.llvm.clang.1_0.compiler (in target 'RotationBridge' from project 'RotationBridge')
    cd /Users/runner/work/brochacho/brochacho/App/Brochacho.xcodeproj
    
    Using response file: /Users/runner/Library/Developer/Xcode/DerivedData/Brochacho-bophpslfpqpondhathpifwanihyg/Build/Intermediates.noindex/RotationBridge.build/Debug/RotationBridge.build/Objects-normal/arm64/e6072d4f65d7061329687fe24e3d63a7-common-args.resp
    
    builtin-ScanDependencies -o /Users/runner/Library/Developer/Xcode/DerivedData/Brochacho-bophpslfpqpondhathpifwanihyg/Build/Intermediates.noindex/RotationBridge.build/Debug/RotationBridge.build/Objects-normal/arm64/RotationBridge.o.scan -- /Applications/Xcode_16.4.app/Contents/Developer/Toolchains/XcodeDefault.xctoolchain/usr/bin/clang -x objective-c -ivfsstatcache /Users/runner/Library/Developer/Xcode/DerivedData/SDKStatCaches.noindex/macosx15.5-24F74-a403186ba963133a54a0e0cacd566b0b.sdkstatcache -fmessage-length\=0 -fdiagnostics-show-note-include-stack -fmacro-backtrace-limit\=0 -fno-color-diagnostics -fmodules-prune-interval\=86400 -fmodules-prune-after\=345600 -fbuild-session-file\=/Users/runner/Library/Developer/Xcode/DerivedData/ModuleCache.noindex/Session.modulevalidation -fmodules-validate-once-per-build-session -Wnon-modular-include-in-framework-module -Werror\=non-modular-include-in-framework-module -Wno-trigraphs -Wno-missing-field-initializers -Wno-missing-prototypes -Wno-return-type -Wno-implicit-atomic-properties -Wno-objc-interface-ivars -Wno-arc-repeated-use-of-weak -Wno-missing-braces -Wparentheses -Wswitch -Wno-unused-function -Wno-unused-label -Wno-unused-parameter -Wno-unused-variable -Wunused-value -Wno-empty-body -Wno-uninitialized -Wno-unknown-pragmas -Wno-shadow -Wno-four-char-constants -Wno-conversion -Wno-constant-conversion -Wno-int-conversion -Wno-bool-conversion -Wno-enum-conversion -Wno-float-conversion -Wno-non-literal-null-conversion -Wno-objc-literal-conversion -Wshorten-64-to-32 -Wpointer-sign -Wno-newline-eof -Wno-selector -Wno-strict-selector-match -Wno-undeclared-selector -Wno-deprecated-implementations -Wno-implicit-fallthrough -fstrict-aliasing -Wprotocol -Wdeprecated-declarations -Wno-sign-conversion -Wno-infinite-recursion -Wno-comma -Wno-block-capture-autoreleasing -Wno-strict-prototypes -Wno-semicolon-before-method-body -index-store-path /Users/runner/Library/Developer/Xcode/DerivedData/Brochacho-bophpslfpqpondhathpifwanihyg/Index.noindex/DataStore @/Users/runner/Library/Developer/Xcode/DerivedData/Brochacho-bophpslfpqpondhathpifwanihyg/Build/Intermediates.noindex/RotationBridge.build/Debug/RotationBridge.build/Objects-normal/arm64/e6072d4f65d7061329687fe24e3d63a7-common-args.resp -MMD -MT dependencies -MF /Users/runner/Library/Developer/Xcode/DerivedData/Brochacho-bophpslfpqpondhathpifwanihyg/Build/Intermediates.noindex/RotationBridge.build/Debug/RotationBridge.build/Objects-normal/arm64/RotationBridge.d --serialize-diagnostics /Users/runner/Library/Developer/Xcode/DerivedData/Brochacho-bophpslfpqpondhathpifwanihyg/Build/Intermediates.noindex/RotationBridge.build/Debug/RotationBridge.build/Objects-normal/arm64/RotationBridge.dia -c /Users/runner/work/brochacho/brochacho/App/RotationBridge/Sources/RotationBridge/RotationBridge.m -o /Users/runner/Library/Developer/Xcode/DerivedData/Brochacho-bophpslfpqpondhathpifwanihyg/Build/Intermediates.noindex/RotationBridge.build/Debug/RotationBridge.build/Objects-normal/arm64/RotationBridge.o -index-unit-output-path /RotationBridge.build/Debug/RotationBridge.build/Objects-normal/arm64/RotationBridge.o

SwiftDriver HotKey normal arm64 com.apple.xcode.tools.swift.compiler (in target 'HotKey' from project 'HotKey')
    cd /Users/runner/work/brochacho/brochacho/App/Brochacho.xcodeproj
    builtin-SwiftDriver -- /Applications/Xcode_16.4.app/Contents/Developer/Toolchains/XcodeDefault.xctoolchain/usr/bin/swiftc -module-name HotKey -Onone -enforce-exclusivity\=checked @/Users/runner/Library/Developer/Xcode/DerivedData/Brochacho-bophpslfpqpondhathpifwanihyg/Build/Intermediates.noindex/HotKey.build/Debug/HotKey.build/Objects-normal/arm64/HotKey.SwiftFileList -DSWIFT_PACKAGE -DDEBUG -DXcode -plugin-path /Applications/Xcode_16.4.app/Contents/Developer/Toolchains/XcodeDefault.xctoolchain/usr/lib/swift/host/plugins/testing -enable-experimental-feature DebugDescriptionMacro -sdk /Applications/Xcode_16.4.app/Contents/Developer/Platforms/MacOSX.platform/Developer/SDKs/MacOSX15.5.sdk -target arm64-apple-macos10.13 -g -module-cache-path /Users/runner/Library/Developer/Xcode/DerivedData/ModuleCache.noindex -Xfrontend -serialize-debugging-options -enable-testing -suppress-warnings -index-store-path /Users/runner/Library/Developer/Xcode/DerivedData/Brochacho-bophpslfpqpondhathpifwanihyg/Index.noindex/DataStore -swift-version 5 -I /Users/runner/Library/Developer/Xcode/DerivedData/Brochacho-bophpslfpqpondhathpifwanihyg/Build/Products/Debug -I /Applications/Xcode_16.4.app/Contents/Developer/Platforms/MacOSX.platform/Developer/usr/lib -F /Users/runner/Library/Developer/Xcode/DerivedData/Brochacho-bophpslfpqpondhathpifwanihyg/Build/Products/Debug -F /Applications/Xcode_16.4.app/Contents/Developer/Platforms/MacOSX.platform/Developer/Library/Frameworks -c -j5 -enable-batch-mode -incremental -Xcc -ivfsstatcache -Xcc /Users/runner/Library/Developer/Xcode/DerivedData/SDKStatCaches.noindex/macosx15.5-24F74-a403186ba963133a54a0e0cacd566b0b.sdkstatcache -output-file-map /Users/runner/Library/Developer/Xcode/DerivedData/Brochacho-bophpslfpqpondhathpifwanihyg/Build/Intermediates.noindex/HotKey.build/Debug/HotKey.build/Objects-normal/arm64/HotKey-OutputFileMap.json -use-frontend-parseable-output -save-temps -no-color-diagnostics -serialize-diagnostics -emit-dependencies -emit-module -emit-module-path /Users/runner/Library/Developer/Xcode/DerivedData/Brochacho-bophpslfpqpondhathpifwanihyg/Build/Intermediates.noindex/HotKey.build/Debug/HotKey.build/Objects-normal/arm64/HotKey.swiftmodule -validate-clang-modules-once -clang-build-session-file /Users/runner/Library/Developer/Xcode/DerivedData/ModuleCache.noindex/Session.modulevalidation -Xcc -I/Users/runner/Library/Developer/Xcode/DerivedData/Brochacho-bophpslfpqpondhathpifwanihyg/Build/Intermediates.noindex/HotKey.build/Debug/HotKey.build/swift-overrides.hmap -emit-const-values -Xfrontend -const-gather-protocols-file -Xfrontend /Users/runner/Library/Developer/Xcode/DerivedData/Brochacho-bophpslfpqpondhathpifwanihyg/Build/Intermediates.noindex/HotKey.build/Debug/HotKey.build/Objects-normal/arm64/HotKey_const_extract_protocols.json -Xcc -I/Users/runner/Library/Developer/Xcode/DerivedData/Brochacho-bophpslfpqpondhathpifwanihyg/Build/Products/Debug/include -Xcc -I/Users/runner/Library/Developer/Xcode/DerivedData/Brochacho-bophpslfpqpondhathpifwanihyg/Build/Intermediates.noindex/HotKey.build/Debug/HotKey.build/DerivedSources-normal/arm64 -Xcc -I/Users/runner/Library/Developer/Xcode/DerivedData/Brochacho-bophpslfpqpondhathpifwanihyg/Build/Intermediates.noindex/HotKey.build/Debug/HotKey.build/DerivedSources/arm64 -Xcc -I/Users/runner/Library/Developer/Xcode/DerivedData/Brochacho-bophpslfpqpondhathpifwanihyg/Build/Intermediates.noindex/HotKey.build/Debug/HotKey.build/DerivedSources -Xcc -DSWIFT_PACKAGE -Xcc -DDEBUG\=1 -emit-objc-header -emit-objc-header-path /Users/runner/Library/Developer/Xcode/DerivedData/Brochacho-bophpslfpqpondhathpifwanihyg/Build/Intermediates.noindex/HotKey.build/Debug/HotKey.build/Objects-normal/arm64/HotKey-Swift.h -working-directory /Users/runner/work/brochacho/brochacho/App/Brochacho.xcodeproj -experimental-emit-module-separately -disable-cmo

SwiftDriver DynamicNotchKit normal arm64 com.apple.xcode.tools.swift.compiler (in target 'DynamicNotchKit' from project 'DynamicNotchKit')
    cd /Users/runner/work/brochacho/brochacho/App/Brochacho.xcodeproj
    builtin-SwiftDriver -- /Applications/Xcode_16.4.app/Contents/Developer/Toolchains/XcodeDefault.xctoolchain/usr/bin/swiftc -module-name DynamicNotchKit -Onone -enforce-exclusivity\=checked @/Users/runner/Library/Developer/Xcode/DerivedData/Brochacho-bophpslfpqpondhathpifwanihyg/Build/Intermediates.noindex/DynamicNotchKit.build/Debug/DynamicNotchKit.build/Objects-normal/arm64/DynamicNotchKit.SwiftFileList -DSWIFT_PACKAGE -DDEBUG -DXcode -plugin-path /Applications/Xcode_16.4.app/Contents/Developer/Toolchains/XcodeDefault.xctoolchain/usr/lib/swift/host/plugins/testing -enable-experimental-feature DebugDescriptionMacro -sdk /Applications/Xcode_16.4.app/Contents/Developer/Platforms/MacOSX.platform/Developer/SDKs/MacOSX15.5.sdk -target arm64-apple-macos13.0 -g -module-cache-path /Users/runner/Library/Developer/Xcode/DerivedData/ModuleCache.noindex -Xfrontend -serialize-debugging-options -enable-testing -index-store-path /Users/runner/Library/Developer/Xcode/DerivedData/Brochacho-bophpslfpqpondhathpifwanihyg/Index.noindex/DataStore -swift-version 6 -I /Users/runner/Library/Developer/Xcode/DerivedData/Brochacho-bophpslfpqpondhathpifwanihyg/Build/Products/Debug -I /Applications/Xcode_16.4.app/Contents/Developer/Platforms/MacOSX.platform/Developer/usr/lib -F /Users/runner/Library/Developer/Xcode/DerivedData/Brochacho-bophpslfpqpondhathpifwanihyg/Build/Products/Debug -F /Applications/Xcode_16.4.app/Contents/Developer/Platforms/MacOSX.platform/Developer/Library/Frameworks -c -j5 -enable-batch-mode -incremental -Xcc -ivfsstatcache -Xcc /Users/runner/Library/Developer/Xcode/DerivedData/SDKStatCaches.noindex/macosx15.5-24F74-a403186ba963133a54a0e0cacd566b0b.sdkstatcache -output-file-map /Users/runner/Library/Developer/Xcode/DerivedData/Brochacho-bophpslfpqpondhathpifwanihyg/Build/Intermediates.noindex/DynamicNotchKit.build/Debug/DynamicNotchKit.build/Objects-normal/arm64/DynamicNotchKit-OutputFileMap.json -use-frontend-parseable-output -save-temps -no-color-diagnostics -serialize-diagnostics -emit-dependencies -emit-module -emit-module-path /Users/runner/Library/Developer/Xcode/DerivedData/Brochacho-bophpslfpqpondhathpifwanihyg/Build/Intermediates.noindex/DynamicNotchKit.build/Debug/DynamicNotchKit.build/Objects-normal/arm64/DynamicNotchKit.swiftmodule -validate-clang-modules-once -clang-build-session-file /Users/runner/Library/Developer/Xcode/DerivedData/ModuleCache.noindex/Session.modulevalidation -package-name dynamicnotchkit -Xcc -I/Users/runner/Library/Developer/Xcode/DerivedData/Brochacho-bophpslfpqpondhathpifwanihyg/Build/Intermediates.noindex/DynamicNotchKit.build/Debug/DynamicNotchKit.build/swift-overrides.hmap -emit-const-values -Xfrontend -const-gather-protocols-file -Xfrontend /Users/runner/Library/Developer/Xcode/DerivedData/Brochacho-bophpslfpqpondhathpifwanihyg/Build/Intermediates.noindex/DynamicNotchKit.build/Debug/DynamicNotchKit.build/Objects-normal/arm64/DynamicNotchKit_const_extract_protocols.json -Xcc -I/Users/runner/Library/Developer/Xcode/DerivedData/Brochacho-bophpslfpqpondhathpifwanihyg/Build/Products/Debug/include -Xcc -I/Users/runner/Library/Developer/Xcode/DerivedData/Brochacho-bophpslfpqpondhathpifwanihyg/Build/Intermediates.noindex/DynamicNotchKit.build/Debug/DynamicNotchKit.build/DerivedSources-normal/arm64 -Xcc -I/Users/runner/Library/Developer/Xcode/DerivedData/Brochacho-bophpslfpqpondhathpifwanihyg/Build/Intermediates.noindex/DynamicNotchKit.build/Debug/DynamicNotchKit.build/DerivedSources/arm64 -Xcc -I/Users/runner/Library/Developer/Xcode/DerivedData/Brochacho-bophpslfpqpondhathpifwanihyg/Build/Intermediates.noindex/DynamicNotchKit.build/Debug/DynamicNotchKit.build/DerivedSources -Xcc -DSWIFT_PACKAGE -Xcc -DDEBUG\=1 -emit-objc-header -emit-objc-header-path /Users/runner/Library/Developer/Xcode/DerivedData/Brochacho-bophpslfpqpondhathpifwanihyg/Build/Intermediates.noindex/DynamicNotchKit.build/Debug/DynamicNotchKit.build/Objects-normal/arm64/DynamicNotchKit-Swift.h -working-directory /Users/runner/work/brochacho/brochacho/App/Brochacho.xcodeproj -experimental-emit-module-separately -disable-cmo

SwiftDriver BrochachoCore normal arm64 com.apple.xcode.tools.swift.compiler (in target 'BrochachoCore' from project 'BrochachoCore')
    cd /Users/runner/work/brochacho/brochacho/App/Brochacho.xcodeproj
    builtin-SwiftDriver -- /Applications/Xcode_16.4.app/Contents/Developer/Toolchains/XcodeDefault.xctoolchain/usr/bin/swiftc -module-name BrochachoCore -Onone -enforce-exclusivity\=checked @/Users/runner/Library/Developer/Xcode/DerivedData/Brochacho-bophpslfpqpondhathpifwanihyg/Build/Intermediates.noindex/BrochachoCore.build/Debug/BrochachoCore.build/Objects-normal/arm64/BrochachoCore.SwiftFileList -DSWIFT_PACKAGE -DDEBUG -DXcode -plugin-path /Applications/Xcode_16.4.app/Contents/Developer/Toolchains/XcodeDefault.xctoolchain/usr/lib/swift/host/plugins/testing -enable-experimental-feature DebugDescriptionMacro -sdk /Applications/Xcode_16.4.app/Contents/Developer/Platforms/MacOSX.platform/Developer/SDKs/MacOSX15.5.sdk -target arm64-apple-macos13.0 -g -module-cache-path /Users/runner/Library/Developer/Xcode/DerivedData/ModuleCache.noindex -Xfrontend -serialize-debugging-options -enable-testing -index-store-path /Users/runner/Library/Developer/Xcode/DerivedData/Brochacho-bophpslfpqpondhathpifwanihyg/Index.noindex/DataStore -swift-version 5 -I /Users/runner/Library/Developer/Xcode/DerivedData/Brochacho-bophpslfpqpondhathpifwanihyg/Build/Products/Debug -I /Applications/Xcode_16.4.app/Contents/Developer/Platforms/MacOSX.platform/Developer/usr/lib -F /Users/runner/Library/Developer/Xcode/DerivedData/Brochacho-bophpslfpqpondhathpifwanihyg/Build/Products/Debug -F /Applications/Xcode_16.4.app/Contents/Developer/Platforms/MacOSX.platform/Developer/Library/Frameworks -c -j5 -enable-batch-mode -incremental -Xcc -ivfsstatcache -Xcc /Users/runner/Library/Developer/Xcode/DerivedData/SDKStatCaches.noindex/macosx15.5-24F74-a403186ba963133a54a0e0cacd566b0b.sdkstatcache -output-file-map /Users/runner/Library/Developer/Xcode/DerivedData/Brochacho-bophpslfpqpondhathpifwanihyg/Build/Intermediates.noindex/BrochachoCore.build/Debug/BrochachoCore.build/Objects-normal/arm64/BrochachoCore-OutputFileMap.json -use-frontend-parseable-output -save-temps -no-color-diagnostics -serialize-diagnostics -emit-dependencies -emit-module -emit-module-path /Users/runner/Library/Developer/Xcode/DerivedData/Brochacho-bophpslfpqpondhathpifwanihyg/Build/Intermediates.noindex/BrochachoCore.build/Debug/BrochachoCore.build/Objects-normal/arm64/BrochachoCore.swiftmodule -validate-clang-modules-once -clang-build-session-file /Users/runner/Library/Developer/Xcode/DerivedData/ModuleCache.noindex/Session.modulevalidation -package-name brochacho -Xcc -I/Users/runner/Library/Developer/Xcode/DerivedData/Brochacho-bophpslfpqpondhathpifwanihyg/Build/Intermediates.noindex/BrochachoCore.build/Debug/BrochachoCore.build/swift-overrides.hmap -emit-const-values -Xfrontend -const-gather-protocols-file -Xfrontend /Users/runner/Library/Developer/Xcode/DerivedData/Brochacho-bophpslfpqpondhathpifwanihyg/Build/Intermediates.noindex/BrochachoCore.build/Debug/BrochachoCore.build/Objects-normal/arm64/BrochachoCore_const_extract_protocols.json -Xcc -I/Users/runner/Library/Developer/Xcode/DerivedData/Brochacho-bophpslfpqpondhathpifwanihyg/Build/Products/Debug/include -Xcc -I/Users/runner/Library/Developer/Xcode/DerivedData/Brochacho-bophpslfpqpondhathpifwanihyg/Build/Intermediates.noindex/BrochachoCore.build/Debug/BrochachoCore.build/DerivedSources-normal/arm64 -Xcc -I/Users/runner/Library/Developer/Xcode/DerivedData/Brochacho-bophpslfpqpondhathpifwanihyg/Build/Intermediates.noindex/BrochachoCore.build/Debug/BrochachoCore.build/DerivedSources/arm64 -Xcc -I/Users/runner/Library/Developer/Xcode/DerivedData/Brochacho-bophpslfpqpondhathpifwanihyg/Build/Intermediates.noindex/BrochachoCore.build/Debug/BrochachoCore.build/DerivedSources -Xcc -DSWIFT_PACKAGE -Xcc -DDEBUG\=1 -emit-objc-header -emit-objc-header-path /Users/runner/Library/Developer/Xcode/DerivedData/Brochacho-bophpslfpqpondhathpifwanihyg/Build/Intermediates.noindex/BrochachoCore.build/Debug/BrochachoCore.build/Objects-normal/arm64/BrochachoCore-Swift.h -working-directory /Users/runner/work/brochacho/brochacho/App/Brochacho.xcodeproj -experimental-emit-module-separately -disable-cmo

SwiftEmitModule normal arm64 Emitting\ module\ for\ HotKey (in target 'HotKey' from project 'HotKey')
EmitSwiftModule normal arm64 (in target 'HotKey' from project 'HotKey')
    cd /Users/runner/work/brochacho/brochacho/App/Brochacho.xcodeproj
    

SwiftCompile normal arm64 Compiling\ KeyCombo.swift /Users/runner/Library/Developer/Xcode/DerivedData/Brochacho-bophpslfpqpondhathpifwanihyg/SourcePackages/checkouts/HotKey/Sources/HotKey/KeyCombo.swift (in target 'HotKey' from project 'HotKey')
SwiftCompile normal arm64 /Users/runner/Library/Developer/Xcode/DerivedData/Brochacho-bophpslfpqpondhathpifwanihyg/SourcePackages/checkouts/HotKey/Sources/HotKey/KeyCombo.swift (in target 'HotKey' from project 'HotKey')
    cd /Users/runner/work/brochacho/brochacho/App/Brochacho.xcodeproj
    

SwiftCompile normal arm64 Compiling\ NSEventModifierFlags+HotKey.swift /Users/runner/Library/Developer/Xcode/DerivedData/Brochacho-bophpslfpqpondhathpifwanihyg/SourcePackages/checkouts/HotKey/Sources/HotKey/NSEventModifierFlags+HotKey.swift (in target 'HotKey' from project 'HotKey')
SwiftCompile normal arm64 /Users/runner/Library/Developer/Xcode/DerivedData/Brochacho-bophpslfpqpondhathpifwanihyg/SourcePackages/checkouts/HotKey/Sources/HotKey/NSEventModifierFlags+HotKey.swift (in target 'HotKey' from project 'HotKey')
    cd /Users/runner/work/brochacho/brochacho/App/Brochacho.xcodeproj
    

SwiftCompile normal arm64 Compiling\ HotKey.swift,\ HotKeysController.swift /Users/runner/Library/Developer/Xcode/DerivedData/Brochacho-bophpslfpqpondhathpifwanihyg/SourcePackages/checkouts/HotKey/Sources/HotKey/HotKey.swift /Users/runner/Library/Developer/Xcode/DerivedData/Brochacho-bophpslfpqpondhathpifwanihyg/SourcePackages/checkouts/HotKey/Sources/HotKey/HotKeysController.swift (in target 'HotKey' from project 'HotKey')

SwiftCompile normal arm64 /Users/runner/Library/Developer/Xcode/DerivedData/Brochacho-bophpslfpqpondhathpifwanihyg/SourcePackages/checkouts/HotKey/Sources/HotKey/HotKey.swift (in target 'HotKey' from project 'HotKey')
    cd /Users/runner/work/brochacho/brochacho/App/Brochacho.xcodeproj
    

SwiftCompile normal arm64 /Users/runner/Library/Developer/Xcode/DerivedData/Brochacho-bophpslfpqpondhathpifwanihyg/SourcePackages/checkouts/HotKey/Sources/HotKey/HotKeysController.swift (in target 'HotKey' from project 'HotKey')
    cd /Users/runner/work/brochacho/brochacho/App/Brochacho.xcodeproj
    

SwiftEmitModule normal arm64 Emitting\ module\ for\ DynamicNotchKit (in target 'DynamicNotchKit' from project 'DynamicNotchKit')

EmitSwiftModule normal arm64 (in target 'DynamicNotchKit' from project 'DynamicNotchKit')
    cd /Users/runner/work/brochacho/brochacho/App/Brochacho.xcodeproj
    

SwiftEmitModule normal arm64 Emitting\ module\ for\ BrochachoCore (in target 'BrochachoCore' from project 'BrochachoCore')
EmitSwiftModule normal arm64 (in target 'BrochachoCore' from project 'BrochachoCore')
    cd /Users/runner/work/brochacho/brochacho/App/Brochacho.xcodeproj
    

SwiftDriverJobDiscovery normal arm64 Emitting module for HotKey (in target 'HotKey' from project 'HotKey')

SwiftDriver\ Compilation\ Requirements HotKey normal arm64 com.apple.xcode.tools.swift.compiler (in target 'HotKey' from project 'HotKey')
    cd /Users/runner/work/brochacho/brochacho/App/Brochacho.xcodeproj
    builtin-Swift-Compilation-Requirements -- /Applications/Xcode_16.4.app/Contents/Developer/Toolchains/XcodeDefault.xctoolchain/usr/bin/swiftc -module-name HotKey -Onone -enforce-exclusivity\=checked @/Users/runner/Library/Developer/Xcode/DerivedData/Brochacho-bophpslfpqpondhathpifwanihyg/Build/Intermediates.noindex/HotKey.build/Debug/HotKey.build/Objects-normal/arm64/HotKey.SwiftFileList -DSWIFT_PACKAGE -DDEBUG -DXcode -plugin-path /Applications/Xcode_16.4.app/Contents/Developer/Toolchains/XcodeDefault.xctoolchain/usr/lib/swift/host/plugins/testing -enable-experimental-feature DebugDescriptionMacro -sdk /Applications/Xcode_16.4.app/Contents/Developer/Platforms/MacOSX.platform/Developer/SDKs/MacOSX15.5.sdk -target arm64-apple-macos10.13 -g -module-cache-path /Users/runner/Library/Developer/Xcode/DerivedData/ModuleCache.noindex -Xfrontend -serialize-debugging-options -enable-testing -suppress-warnings -index-store-path /Users/runner/Library/Developer/Xcode/DerivedData/Brochacho-bophpslfpqpondhathpifwanihyg/Index.noindex/DataStore -swift-version 5 -I /Users/runner/Library/Developer/Xcode/DerivedData/Brochacho-bophpslfpqpondhathpifwanihyg/Build/Products/Debug -I /Applications/Xcode_16.4.app/Contents/Developer/Platforms/MacOSX.platform/Developer/usr/lib -F /Users/runner/Library/Developer/Xcode/DerivedData/Brochacho-bophpslfpqpondhathpifwanihyg/Build/Products/Debug -F /Applications/Xcode_16.4.app/Contents/Developer/Platforms/MacOSX.platform/Developer/Library/Frameworks -c -j5 -enable-batch-mode -incremental -Xcc -ivfsstatcache -Xcc /Users/runner/Library/Developer/Xcode/DerivedData/SDKStatCaches.noindex/macosx15.5-24F74-a403186ba963133a54a0e0cacd566b0b.sdkstatcache -output-file-map /Users/runner/Library/Developer/Xcode/DerivedData/Brochacho-bophpslfpqpondhathpifwanihyg/Build/Intermediates.noindex/HotKey.build/Debug/HotKey.build/Objects-normal/arm64/HotKey-OutputFileMap.json -use-frontend-parseable-output -save-temps -no-color-diagnostics -serialize-diagnostics -emit-dependencies -emit-module -emit-module-path /Users/runner/Library/Developer/Xcode/DerivedData/Brochacho-bophpslfpqpondhathpifwanihyg/Build/Intermediates.noindex/HotKey.build/Debug/HotKey.build/Objects-normal/arm64/HotKey.swiftmodule -validate-clang-modules-once -clang-build-session-file /Users/runner/Library/Developer/Xcode/DerivedData/ModuleCache.noindex/Session.modulevalidation -Xcc -I/Users/runner/Library/Developer/Xcode/DerivedData/Brochacho-bophpslfpqpondhathpifwanihyg/Build/Intermediates.noindex/HotKey.build/Debug/HotKey.build/swift-overrides.hmap -emit-const-values -Xfrontend -const-gather-protocols-file -Xfrontend /Users/runner/Library/Developer/Xcode/DerivedData/Brochacho-bophpslfpqpondhathpifwanihyg/Build/Intermediates.noindex/HotKey.build/Debug/HotKey.build/Objects-normal/arm64/HotKey_const_extract_protocols.json -Xcc -I/Users/runner/Library/Developer/Xcode/DerivedData/Brochacho-bophpslfpqpondhathpifwanihyg/Build/Products/Debug/include -Xcc -I/Users/runner/Library/Developer/Xcode/DerivedData/Brochacho-bophpslfpqpondhathpifwanihyg/Build/Intermediates.noindex/HotKey.build/Debug/HotKey.build/DerivedSources-normal/arm64 -Xcc -I/Users/runner/Library/Developer/Xcode/DerivedData/Brochacho-bophpslfpqpondhathpifwanihyg/Build/Intermediates.noindex/HotKey.build/Debug/HotKey.build/DerivedSources/arm64 -Xcc -I/Users/runner/Library/Developer/Xcode/DerivedData/Brochacho-bophpslfpqpondhathpifwanihyg/Build/Intermediates.noindex/HotKey.build/Debug/HotKey.build/DerivedSources -Xcc -DSWIFT_PACKAGE -Xcc -DDEBUG\=1 -emit-objc-header -emit-objc-header-path /Users/runner/Library/Developer/Xcode/DerivedData/Brochacho-bophpslfpqpondhathpifwanihyg/Build/Intermediates.noindex/HotKey.build/Debug/HotKey.build/Objects-normal/arm64/HotKey-Swift.h -working-directory /Users/runner/work/brochacho/brochacho/App/Brochacho.xcodeproj -experimental-emit-module-separately -disable-cmo

SwiftDriverJobDiscovery normal arm64 Emitting module for DynamicNotchKit (in target 'DynamicNotchKit' from project 'DynamicNotchKit')

SwiftDriver\ Compilation\ Requirements DynamicNotchKit normal arm64 com.apple.xcode.tools.swift.compiler (in target 'DynamicNotchKit' from project 'DynamicNotchKit')
    cd /Users/runner/work/brochacho/brochacho/App/Brochacho.xcodeproj
    builtin-Swift-Compilation-Requirements -- /Applications/Xcode_16.4.app/Contents/Developer/Toolchains/XcodeDefault.xctoolchain/usr/bin/swiftc -module-name DynamicNotchKit -Onone -enforce-exclusivity\=checked @/Users/runner/Library/Developer/Xcode/DerivedData/Brochacho-bophpslfpqpondhathpifwanihyg/Build/Intermediates.noindex/DynamicNotchKit.build/Debug/DynamicNotchKit.build/Objects-normal/arm64/DynamicNotchKit.SwiftFileList -DSWIFT_PACKAGE -DDEBUG -DXcode -plugin-path /Applications/Xcode_16.4.app/Contents/Developer/Toolchains/XcodeDefault.xctoolchain/usr/lib/swift/host/plugins/testing -enable-experimental-feature DebugDescriptionMacro -sdk /Applications/Xcode_16.4.app/Contents/Developer/Platforms/MacOSX.platform/Developer/SDKs/MacOSX15.5.sdk -target arm64-apple-macos13.0 -g -module-cache-path /Users/runner/Library/Developer/Xcode/DerivedData/ModuleCache.noindex -Xfrontend -serialize-debugging-options -enable-testing -index-store-path /Users/runner/Library/Developer/Xcode/DerivedData/Brochacho-bophpslfpqpondhathpifwanihyg/Index.noindex/DataStore -swift-version 6 -I /Users/runner/Library/Developer/Xcode/DerivedData/Brochacho-bophpslfpqpondhathpifwanihyg/Build/Products/Debug -I /Applications/Xcode_16.4.app/Contents/Developer/Platforms/MacOSX.platform/Developer/usr/lib -F /Users/runner/Library/Developer/Xcode/DerivedData/Brochacho-bophpslfpqpondhathpifwanihyg/Build/Products/Debug -F /Applications/Xcode_16.4.app/Contents/Developer/Platforms/MacOSX.platform/Developer/Library/Frameworks -c -j5 -enable-batch-mode -incremental -Xcc -ivfsstatcache -Xcc /Users/runner/Library/Developer/Xcode/DerivedData/SDKStatCaches.noindex/macosx15.5-24F74-a403186ba963133a54a0e0cacd566b0b.sdkstatcache -output-file-map /Users/runner/Library/Developer/Xcode/DerivedData/Brochacho-bophpslfpqpondhathpifwanihyg/Build/Intermediates.noindex/DynamicNotchKit.build/Debug/DynamicNotchKit.build/Objects-normal/arm64/DynamicNotchKit-OutputFileMap.json -use-frontend-parseable-output -save-temps -no-color-diagnostics -serialize-diagnostics -emit-dependencies -emit-module -emit-module-path /Users/runner/Library/Developer/Xcode/DerivedData/Brochacho-bophpslfpqpondhathpifwanihyg/Build/Intermediates.noindex/DynamicNotchKit.build/Debug/DynamicNotchKit.build/Objects-normal/arm64/DynamicNotchKit.swiftmodule -validate-clang-modules-once -clang-build-session-file /Users/runner/Library/Developer/Xcode/DerivedData/ModuleCache.noindex/Session.modulevalidation -package-name dynamicnotchkit -Xcc -I/Users/runner/Library/Developer/Xcode/DerivedData/Brochacho-bophpslfpqpondhathpifwanihyg/Build/Intermediates.noindex/DynamicNotchKit.build/Debug/DynamicNotchKit.build/swift-overrides.hmap -emit-const-values -Xfrontend -const-gather-protocols-file -Xfrontend /Users/runner/Library/Developer/Xcode/DerivedData/Brochacho-bophpslfpqpondhathpifwanihyg/Build/Intermediates.noindex/DynamicNotchKit.build/Debug/DynamicNotchKit.build/Objects-normal/arm64/DynamicNotchKit_const_extract_protocols.json -Xcc -I/Users/runner/Library/Developer/Xcode/DerivedData/Brochacho-bophpslfpqpondhathpifwanihyg/Build/Products/Debug/include -Xcc -I/Users/runner/Library/Developer/Xcode/DerivedData/Brochacho-bophpslfpqpondhathpifwanihyg/Build/Intermediates.noindex/DynamicNotchKit.build/Debug/DynamicNotchKit.build/DerivedSources-normal/arm64 -Xcc -I/Users/runner/Library/Developer/Xcode/DerivedData/Brochacho-bophpslfpqpondhathpifwanihyg/Build/Intermediates.noindex/DynamicNotchKit.build/Debug/DynamicNotchKit.build/DerivedSources/arm64 -Xcc -I/Users/runner/Library/Developer/Xcode/DerivedData/Brochacho-bophpslfpqpondhathpifwanihyg/Build/Intermediates.noindex/DynamicNotchKit.build/Debug/DynamicNotchKit.build/DerivedSources -Xcc -DSWIFT_PACKAGE -Xcc -DDEBUG\=1 -emit-objc-header -emit-objc-header-path /Users/runner/Library/Developer/Xcode/DerivedData/Brochacho-bophpslfpqpondhathpifwanihyg/Build/Intermediates.noindex/DynamicNotchKit.build/Debug/DynamicNotchKit.build/Objects-normal/arm64/DynamicNotchKit-Swift.h -working-directory /Users/runner/work/brochacho/brochacho/App/Brochacho.xcodeproj -experimental-emit-module-separately -disable-cmo

PrecompileModule /Users/runner/Library/Developer/Xcode/DerivedData/Brochacho-bophpslfpqpondhathpifwanihyg/Build/Intermediates.noindex/ExplicitPrecompiledModules/TargetConditionals-7NEEVO6D5Y1CRQLRMHGR2W6S7.scan
    cd /Users/runner/work/brochacho/brochacho/App/Brochacho.xcodeproj
    builtin-precompileModule /Users/runner/Library/Developer/Xcode/DerivedData/Brochacho-bophpslfpqpondhathpifwanihyg/Build/Intermediates.noindex/ExplicitPrecompiledModules/TargetConditionals-7NEEVO6D5Y1CRQLRMHGR2W6S7.scan

SwiftMergeGeneratedHeaders /Users/runner/Library/Developer/Xcode/DerivedData/Brochacho-bophpslfpqpondhathpifwanihyg/Build/Intermediates.noindex/GeneratedModuleMaps/HotKey-Swift.h /Users/runner/Library/Developer/Xcode/DerivedData/Brochacho-bophpslfpqpondhathpifwanihyg/Build/Intermediates.noindex/HotKey.build/Debug/HotKey.build/Objects-normal/arm64/HotKey-Swift.h (in target 'HotKey' from project 'HotKey')
    cd /Users/runner/Library/Developer/Xcode/DerivedData/Brochacho-bophpslfpqpondhathpifwanihyg/SourcePackages/checkouts/HotKey
    builtin-swiftHeaderTool -arch arm64 /Users/runner/Library/Developer/Xcode/DerivedData/Brochacho-bophpslfpqpondhathpifwanihyg/Build/Intermediates.noindex/HotKey.build/Debug/HotKey.build/Objects-normal/arm64/HotKey-Swift.h -o /Users/runner/Library/Developer/Xcode/DerivedData/Brochacho-bophpslfpqpondhathpifwanihyg/Build/Intermediates.noindex/GeneratedModuleMaps/HotKey-Swift.h

Copy /Users/runner/Library/Developer/Xcode/DerivedData/Brochacho-bophpslfpqpondhathpifwanihyg/Build/Products/Debug/HotKey.swiftmodule/arm64-apple-macos.swiftmodule /Users/runner/Library/Developer/Xcode/DerivedData/Brochacho-bophpslfpqpondhathpifwanihyg/Build/Intermediates.noindex/HotKey.build/Debug/HotKey.build/Objects-normal/arm64/HotKey.swiftmodule (in target 'HotKey' from project 'HotKey')
    cd /Users/runner/Library/Developer/Xcode/DerivedData/Brochacho-bophpslfpqpondhathpifwanihyg/SourcePackages/checkouts/HotKey
    builtin-copy -exclude .DS_Store -exclude CVS -exclude .svn -exclude .git -exclude .hg -resolve-src-symlinks -rename /Users/runner/Library/Developer/Xcode/DerivedData/Brochacho-bophpslfpqpondhathpifwanihyg/Build/Intermediates.noindex/HotKey.build/Debug/HotKey.build/Objects-normal/arm64/HotKey.swiftmodule /Users/runner/Library/Developer/Xcode/DerivedData/Brochacho-bophpslfpqpondhathpifwanihyg/Build/Products/Debug/HotKey.swiftmodule/arm64-apple-macos.swiftmodule

Copy /Users/runner/Library/Developer/Xcode/DerivedData/Brochacho-bophpslfpqpondhathpifwanihyg/Build/Products/Debug/HotKey.swiftmodule/arm64-apple-macos.swiftdoc /Users/runner/Library/Developer/Xcode/DerivedData/Brochacho-bophpslfpqpondhathpifwanihyg/Build/Intermediates.noindex/HotKey.build/Debug/HotKey.build/Objects-normal/arm64/HotKey.swiftdoc (in target 'HotKey' from project 'HotKey')
    cd /Users/runner/Library/Developer/Xcode/DerivedData/Brochacho-bophpslfpqpondhathpifwanihyg/SourcePackages/checkouts/HotKey
    builtin-copy -exclude .DS_Store -exclude CVS -exclude .svn -exclude .git -exclude .hg -resolve-src-symlinks -rename /Users/runner/Library/Developer/Xcode/DerivedData/Brochacho-bophpslfpqpondhathpifwanihyg/Build/Intermediates.noindex/HotKey.build/Debug/HotKey.build/Objects-normal/arm64/HotKey.swiftdoc /Users/runner/Library/Developer/Xcode/DerivedData/Brochacho-bophpslfpqpondhathpifwanihyg/Build/Products/Debug/HotKey.swiftmodule/arm64-apple-macos.swiftdoc

Copy /Users/runner/Library/Developer/Xcode/DerivedData/Brochacho-bophpslfpqpondhathpifwanihyg/Build/Products/Debug/HotKey.swiftmodule/arm64-apple-macos.abi.json /Users/runner/Library/Developer/Xcode/DerivedData/Brochacho-bophpslfpqpondhathpifwanihyg/Build/Intermediates.noindex/HotKey.build/Debug/HotKey.build/Objects-normal/arm64/HotKey.abi.json (in target 'HotKey' from project 'HotKey')
    cd /Users/runner/Library/Developer/Xcode/DerivedData/Brochacho-bophpslfpqpondhathpifwanihyg/SourcePackages/checkouts/HotKey
    builtin-copy -exclude .DS_Store -exclude CVS -exclude .svn -exclude .git -exclude .hg -resolve-src-symlinks -rename /Users/runner/Library/Developer/Xcode/DerivedData/Brochacho-bophpslfpqpondhathpifwanihyg/Build/Intermediates.noindex/HotKey.build/Debug/HotKey.build/Objects-normal/arm64/HotKey.abi.json /Users/runner/Library/Developer/Xcode/DerivedData/Brochacho-bophpslfpqpondhathpifwanihyg/Build/Products/Debug/HotKey.swiftmodule/arm64-apple-macos.abi.json

Copy /Users/runner/Library/Developer/Xcode/DerivedData/Brochacho-bophpslfpqpondhathpifwanihyg/Build/Products/Debug/HotKey.swiftmodule/Project/arm64-apple-macos.swiftsourceinfo /Users/runner/Library/Developer/Xcode/DerivedData/Brochacho-bophpslfpqpondhathpifwanihyg/Build/Intermediates.noindex/HotKey.build/Debug/HotKey.build/Objects-normal/arm64/HotKey.swiftsourceinfo (in target 'HotKey' from project 'HotKey')
    cd /Users/runner/Library/Developer/Xcode/DerivedData/Brochacho-bophpslfpqpondhathpifwanihyg/SourcePackages/checkouts/HotKey
    builtin-copy -exclude .DS_Store -exclude CVS -exclude .svn -exclude .git -exclude .hg -resolve-src-symlinks -rename /Users/runner/Library/Developer/Xcode/DerivedData/Brochacho-bophpslfpqpondhathpifwanihyg/Build/Intermediates.noindex/HotKey.build/Debug/HotKey.build/Objects-normal/arm64/HotKey.swiftsourceinfo /Users/runner/Library/Developer/Xcode/DerivedData/Brochacho-bophpslfpqpondhathpifwanihyg/Build/Products/Debug/HotKey.swiftmodule/Project/arm64-apple-macos.swiftsourceinfo

SwiftMergeGeneratedHeaders /Users/runner/Library/Developer/Xcode/DerivedData/Brochacho-bophpslfpqpondhathpifwanihyg/Build/Intermediates.noindex/GeneratedModuleMaps/DynamicNotchKit-Swift.h /Users/runner/Library/Developer/Xcode/DerivedData/Brochacho-bophpslfpqpondhathpifwanihyg/Build/Intermediates.noindex/DynamicNotchKit.build/Debug/DynamicNotchKit.build/Objects-normal/arm64/DynamicNotchKit-Swift.h (in target 'DynamicNotchKit' from project 'DynamicNotchKit')
    cd /Users/runner/work/brochacho/brochacho/App/Vendor/DynamicNotchKit
    builtin-swiftHeaderTool -arch arm64 /Users/runner/Library/Developer/Xcode/DerivedData/Brochacho-bophpslfpqpondhathpifwanihyg/Build/Intermediates.noindex/DynamicNotchKit.build/Debug/DynamicNotchKit.build/Objects-normal/arm64/DynamicNotchKit-Swift.h -o /Users/runner/Library/Developer/Xcode/DerivedData/Brochacho-bophpslfpqpondhathpifwanihyg/Build/Intermediates.noindex/GeneratedModuleMaps/DynamicNotchKit-Swift.h

Copy /Users/runner/Library/Developer/Xcode/DerivedData/Brochacho-bophpslfpqpondhathpifwanihyg/Build/Products/Debug/DynamicNotchKit.swiftmodule/arm64-apple-macos.swiftmodule /Users/runner/Library/Developer/Xcode/DerivedData/Brochacho-bophpslfpqpondhathpifwanihyg/Build/Intermediates.noindex/DynamicNotchKit.build/Debug/DynamicNotchKit.build/Objects-normal/arm64/DynamicNotchKit.swiftmodule (in target 'DynamicNotchKit' from project 'DynamicNotchKit')
    cd /Users/runner/work/brochacho/brochacho/App/Vendor/DynamicNotchKit
    builtin-copy -exclude .DS_Store -exclude CVS -exclude .svn -exclude .git -exclude .hg -resolve-src-symlinks -rename /Users/runner/Library/Developer/Xcode/DerivedData/Brochacho-bophpslfpqpondhathpifwanihyg/Build/Intermediates.noindex/DynamicNotchKit.build/Debug/DynamicNotchKit.build/Objects-normal/arm64/DynamicNotchKit.swiftmodule /Users/runner/Library/Developer/Xcode/DerivedData/Brochacho-bophpslfpqpondhathpifwanihyg/Build/Products/Debug/DynamicNotchKit.swiftmodule/arm64-apple-macos.swiftmodule

Copy /Users/runner/Library/Developer/Xcode/DerivedData/Brochacho-bophpslfpqpondhathpifwanihyg/Build/Products/Debug/DynamicNotchKit.swiftmodule/arm64-apple-macos.swiftdoc /Users/runner/Library/Developer/Xcode/DerivedData/Brochacho-bophpslfpqpondhathpifwanihyg/Build/Intermediates.noindex/DynamicNotchKit.build/Debug/DynamicNotchKit.build/Objects-normal/arm64/DynamicNotchKit.swiftdoc (in target 'DynamicNotchKit' from project 'DynamicNotchKit')
    cd /Users/runner/work/brochacho/brochacho/App/Vendor/DynamicNotchKit
    builtin-copy -exclude .DS_Store -exclude CVS -exclude .svn -exclude .git -exclude .hg -resolve-src-symlinks -rename /Users/runner/Library/Developer/Xcode/DerivedData/Brochacho-bophpslfpqpondhathpifwanihyg/Build/Intermediates.noindex/DynamicNotchKit.build/Debug/DynamicNotchKit.build/Objects-normal/arm64/DynamicNotchKit.swiftdoc /Users/runner/Library/Developer/Xcode/DerivedData/Brochacho-bophpslfpqpondhathpifwanihyg/Build/Products/Debug/DynamicNotchKit.swiftmodule/arm64-apple-macos.swiftdoc

Copy /Users/runner/Library/Developer/Xcode/DerivedData/Brochacho-bophpslfpqpondhathpifwanihyg/Build/Products/Debug/DynamicNotchKit.swiftmodule/arm64-apple-macos.abi.json /Users/runner/Library/Developer/Xcode/DerivedData/Brochacho-bophpslfpqpondhathpifwanihyg/Build/Intermediates.noindex/DynamicNotchKit.build/Debug/DynamicNotchKit.build/Objects-normal/arm64/DynamicNotchKit.abi.json (in target 'DynamicNotchKit' from project 'DynamicNotchKit')
    cd /Users/runner/work/brochacho/brochacho/App/Vendor/DynamicNotchKit
    builtin-copy -exclude .DS_Store -exclude CVS -exclude .svn -exclude .git -exclude .hg -resolve-src-symlinks -rename /Users/runner/Library/Developer/Xcode/DerivedData/Brochacho-bophpslfpqpondhathpifwanihyg/Build/Intermediates.noindex/DynamicNotchKit.build/Debug/DynamicNotchKit.build/Objects-normal/arm64/DynamicNotchKit.abi.json /Users/runner/Library/Developer/Xcode/DerivedData/Brochacho-bophpslfpqpondhathpifwanihyg/Build/Products/Debug/DynamicNotchKit.swiftmodule/arm64-apple-macos.abi.json

Copy /Users/runner/Library/Developer/Xcode/DerivedData/Brochacho-bophpslfpqpondhathpifwanihyg/Build/Products/Debug/DynamicNotchKit.swiftmodule/Project/arm64-apple-macos.swiftsourceinfo /Users/runner/Library/Developer/Xcode/DerivedData/Brochacho-bophpslfpqpondhathpifwanihyg/Build/Intermediates.noindex/DynamicNotchKit.build/Debug/DynamicNotchKit.build/Objects-normal/arm64/DynamicNotchKit.swiftsourceinfo (in target 'DynamicNotchKit' from project 'DynamicNotchKit')
    cd /Users/runner/work/brochacho/brochacho/App/Vendor/DynamicNotchKit
    builtin-copy -exclude .DS_Store -exclude CVS -exclude .svn -exclude .git -exclude .hg -resolve-src-symlinks -rename /Users/runner/Library/Developer/Xcode/DerivedData/Brochacho-bophpslfpqpondhathpifwanihyg/Build/Intermediates.noindex/DynamicNotchKit.build/Debug/DynamicNotchKit.build/Objects-normal/arm64/DynamicNotchKit.swiftsourceinfo /Users/runner/Library/Developer/Xcode/DerivedData/Brochacho-bophpslfpqpondhathpifwanihyg/Build/Products/Debug/DynamicNotchKit.swiftmodule/Project/arm64-apple-macos.swiftsourceinfo

PrecompileModule /Users/runner/Library/Developer/Xcode/DerivedData/Brochacho-bophpslfpqpondhathpifwanihyg/Build/Intermediates.noindex/ExplicitPrecompiledModules/ptrauth-BXB64IO85IN8SE0V3RSW0ZZL9.scan
    cd /Users/runner/work/brochacho/brochacho/App/Brochacho.xcodeproj
    builtin-precompileModule /Users/runner/Library/Developer/Xcode/DerivedData/Brochacho-bophpslfpqpondhathpifwanihyg/Build/Intermediates.noindex/ExplicitPrecompiledModules/ptrauth-BXB64IO85IN8SE0V3RSW0ZZL9.scan

PrecompileModule /Users/runner/Library/Developer/Xcode/DerivedData/Brochacho-bophpslfpqpondhathpifwanihyg/Build/Intermediates.noindex/ExplicitPrecompiledModules/_Builtin_iso646-BG023QN18AS837A8MQWJGHQPQ.scan
    cd /Users/runner/work/brochacho/brochacho/App/Brochacho.xcodeproj
    builtin-precompileModule /Users/runner/Library/Developer/Xcode/DerivedData/Brochacho-bophpslfpqpondhathpifwanihyg/Build/Intermediates.noindex/ExplicitPrecompiledModules/_Builtin_iso646-BG023QN18AS837A8MQWJGHQPQ.scan

PrecompileModule /Users/runner/Library/Developer/Xcode/DerivedData/Brochacho-bophpslfpqpondhathpifwanihyg/Build/Intermediates.noindex/ExplicitPrecompiledModules/_Builtin_stdarg-7IZ8HXJVJVP3UQJXD930AYMYK.scan
    cd /Users/runner/work/brochacho/brochacho/App/Brochacho.xcodeproj
    builtin-precompileModule /Users/runner/Library/Developer/Xcode/DerivedData/Brochacho-bophpslfpqpondhathpifwanihyg/Build/Intermediates.noindex/ExplicitPrecompiledModules/_Builtin_stdarg-7IZ8HXJVJVP3UQJXD930AYMYK.scan

PrecompileModule /Users/runner/Library/Developer/Xcode/DerivedData/Brochacho-bophpslfpqpondhathpifwanihyg/Build/Intermediates.noindex/ExplicitPrecompiledModules/_fenv-3FLONG284Z73J2QPPUH4D8BWH.scan
    cd /Users/runner/work/brochacho/brochacho/App/Brochacho.xcodeproj
    builtin-precompileModule /Users/runner/Library/Developer/Xcode/DerivedData/Brochacho-bophpslfpqpondhathpifwanihyg/Build/Intermediates.noindex/ExplicitPrecompiledModules/_fenv-3FLONG284Z73J2QPPUH4D8BWH.scan

PrecompileModule /Users/runner/Library/Developer/Xcode/DerivedData/Brochacho-bophpslfpqpondhathpifwanihyg/Build/Intermediates.noindex/ExplicitPrecompiledModules/os_availability_internal-BSCFM8OMRKOXNPWQ3BIF1VDHV.scan
    cd /Users/runner/work/brochacho/brochacho/App/Brochacho.xcodeproj
    builtin-precompileModule /Users/runner/Library/Developer/Xcode/DerivedData/Brochacho-bophpslfpqpondhathpifwanihyg/Build/Intermediates.noindex/ExplicitPrecompiledModules/os_availability_internal-BSCFM8OMRKOXNPWQ3BIF1VDHV.scan

PrecompileModule /Users/runner/Library/Developer/Xcode/DerivedData/Brochacho-bophpslfpqpondhathpifwanihyg/Build/Intermediates.noindex/ExplicitPrecompiledModules/_Builtin_stdbool-F56J6NV5INSLAXSQCSFUC1FM6.scan
    cd /Users/runner/work/brochacho/brochacho/App/Brochacho.xcodeproj
    builtin-precompileModule /Users/runner/Library/Developer/Xcode/DerivedData/Brochacho-bophpslfpqpondhathpifwanihyg/Build/Intermediates.noindex/ExplicitPrecompiledModules/_Builtin_stdbool-F56J6NV5INSLAXSQCSFUC1FM6.scan

PrecompileModule /Users/runner/Library/Developer/Xcode/DerivedData/Brochacho-bophpslfpqpondhathpifwanihyg/Build/Intermediates.noindex/ExplicitPrecompiledModules/os_availability-ABYIHOB777PTZ1AB4IXD0DD0D.scan
    cd /Users/runner/work/brochacho/brochacho/App/Brochacho.xcodeproj
    builtin-precompileModule /Users/runner/Library/Developer/Xcode/DerivedData/Brochacho-bophpslfpqpondhathpifwanihyg/Build/Intermediates.noindex/ExplicitPrecompiledModules/os_availability-ABYIHOB777PTZ1AB4IXD0DD0D.scan

PrecompileModule /Users/runner/Library/Developer/Xcode/DerivedData/Brochacho-bophpslfpqpondhathpifwanihyg/Build/Intermediates.noindex/ExplicitPrecompiledModules/_float-40KEIH61JMTVUZ17473V1A1ZK.scan
    cd /Users/runner/work/brochacho/brochacho/App/Brochacho.xcodeproj
    builtin-precompileModule /Users/runner/Library/Developer/Xcode/DerivedData/Brochacho-bophpslfpqpondhathpifwanihyg/Build/Intermediates.noindex/ExplicitPrecompiledModules/_float-40KEIH61JMTVUZ17473V1A1ZK.scan

PrecompileModule /Users/runner/Library/Developer/Xcode/DerivedData/Brochacho-bophpslfpqpondhathpifwanihyg/Build/Intermediates.noindex/ExplicitPrecompiledModules/AvailabilityMacros-C0W6Y36IIM88LDIVGXNB19Q4H.scan
    cd /Users/runner/work/brochacho/brochacho/App/Brochacho.xcodeproj
    builtin-precompileModule /Users/runner/Library/Developer/Xcode/DerivedData/Brochacho-bophpslfpqpondhathpifwanihyg/Build/Intermediates.noindex/ExplicitPrecompiledModules/AvailabilityMacros-C0W6Y36IIM88LDIVGXNB19Q4H.scan

PrecompileModule /Users/runner/Library/Developer/Xcode/DerivedData/Brochacho-bophpslfpqpondhathpifwanihyg/Build/Intermediates.noindex/ExplicitPrecompiledModules/_Builtin_float-6XWAHTJ6X4YX6I3YNRHD16DLI.scan
    cd /Users/runner/work/brochacho/brochacho/App/Brochacho.xcodeproj
    builtin-precompileModule /Users/runner/Library/Developer/Xcode/DerivedData/Brochacho-bophpslfpqpondhathpifwanihyg/Build/Intermediates.noindex/ExplicitPrecompiledModules/_Builtin_float-6XWAHTJ6X4YX6I3YNRHD16DLI.scan

PrecompileModule /Users/runner/Library/Developer/Xcode/DerivedData/Brochacho-bophpslfpqpondhathpifwanihyg/Build/Intermediates.noindex/ExplicitPrecompiledModules/_Builtin_stddef-4RWNM20683SQ5EJR8PIXZB1PG.scan
    cd /Users/runner/work/brochacho/brochacho/App/Brochacho.xcodeproj
    builtin-precompileModule /Users/runner/Library/Developer/Xcode/DerivedData/Brochacho-bophpslfpqpondhathpifwanihyg/Build/Intermediates.noindex/ExplicitPrecompiledModules/_Builtin_stddef-4RWNM20683SQ5EJR8PIXZB1PG.scan

PrecompileModule /Users/runner/Library/Developer/Xcode/DerivedData/Brochacho-bophpslfpqpondhathpifwanihyg/Build/Intermediates.noindex/ExplicitPrecompiledModules/ptrcheck-EXLYQTF6CPWQBJO0BDFFQ3Q6L.scan
    cd /Users/runner/work/brochacho/brochacho/App/Brochacho.xcodeproj
    builtin-precompileModule /Users/runner/Library/Developer/Xcode/DerivedData/Brochacho-bophpslfpqpondhathpifwanihyg/Build/Intermediates.noindex/ExplicitPrecompiledModules/ptrcheck-EXLYQTF6CPWQBJO0BDFFQ3Q6L.scan

SwiftCompile normal arm64 Compiling\ KeyCombo+System.swift /Users/runner/Library/Developer/Xcode/DerivedData/Brochacho-bophpslfpqpondhathpifwanihyg/SourcePackages/checkouts/HotKey/Sources/HotKey/KeyCombo+System.swift (in target 'HotKey' from project 'HotKey')

SwiftCompile normal arm64 /Users/runner/Library/Developer/Xcode/DerivedData/Brochacho-bophpslfpqpondhathpifwanihyg/SourcePackages/checkouts/HotKey/Sources/HotKey/KeyCombo+System.swift (in target 'HotKey' from project 'HotKey')
    cd /Users/runner/work/brochacho/brochacho/App/Brochacho.xcodeproj
    

PrecompileModule /Users/runner/Library/Developer/Xcode/DerivedData/Brochacho-bophpslfpqpondhathpifwanihyg/Build/Intermediates.noindex/ExplicitPrecompiledModules/DarwinFoundation-8ERITIB4Z5BLWM6EV7JQ7JIA5.scan
    cd /Users/runner/work/brochacho/brochacho/App/Brochacho.xcodeproj
    builtin-precompileModule /Users/runner/Library/Developer/Xcode/DerivedData/Brochacho-bophpslfpqpondhathpifwanihyg/Build/Intermediates.noindex/ExplicitPrecompiledModules/DarwinFoundation-8ERITIB4Z5BLWM6EV7JQ7JIA5.scan

SwiftDriverJobDiscovery normal arm64 Compiling KeyCombo.swift (in target 'HotKey' from project 'HotKey')

SwiftCompile normal arm64 Compiling\ Key.swift /Users/runner/Library/Developer/Xcode/DerivedData/Brochacho-bophpslfpqpondhathpifwanihyg/SourcePackages/checkouts/HotKey/Sources/HotKey/Key.swift (in target 'HotKey' from project 'HotKey')
SwiftCompile normal arm64 /Users/runner/Library/Developer/Xcode/DerivedData/Brochacho-bophpslfpqpondhathpifwanihyg/SourcePackages/checkouts/HotKey/Sources/HotKey/Key.swift (in target 'HotKey' from project 'HotKey')
    cd /Users/runner/work/brochacho/brochacho/App/Brochacho.xcodeproj
    

PrecompileModule /Users/runner/Library/Developer/Xcode/DerivedData/Brochacho-bophpslfpqpondhathpifwanihyg/Build/Intermediates.noindex/ExplicitPrecompiledModules/_setjmp-741CJSIAHDAEB3GT3HDOPMPU2.scan
    cd /Users/runner/work/brochacho/brochacho/App/Brochacho.xcodeproj
    builtin-precompileModule /Users/runner/Library/Developer/Xcode/DerivedData/Brochacho-bophpslfpqpondhathpifwanihyg/Build/Intermediates.noindex/ExplicitPrecompiledModules/_setjmp-741CJSIAHDAEB3GT3HDOPMPU2.scan

SwiftDriverJobDiscovery normal arm64 Compiling HotKey.swift, HotKeysController.swift (in target 'HotKey' from project 'HotKey')

PrecompileModule /Users/runner/Library/Developer/Xcode/DerivedData/Brochacho-bophpslfpqpondhathpifwanihyg/Build/Intermediates.noindex/ExplicitPrecompiledModules/_stdint-2ESZ7SKX74MSHZ89049CA4WUC.scan
    cd /Users/runner/work/brochacho/brochacho/App/Brochacho.xcodeproj
    builtin-precompileModule /Users/runner/Library/Developer/Xcode/DerivedData/Brochacho-bophpslfpqpondhathpifwanihyg/Build/Intermediates.noindex/ExplicitPrecompiledModules/_stdint-2ESZ7SKX74MSHZ89049CA4WUC.scan

SwiftDriverJobDiscovery normal arm64 Compiling NSEventModifierFlags+HotKey.swift (in target 'HotKey' from project 'HotKey')

PrecompileModule /Users/runner/Library/Developer/Xcode/DerivedData/Brochacho-bophpslfpqpondhathpifwanihyg/Build/Intermediates.noindex/ExplicitPrecompiledModules/_errno-4RAXPTSHEJLH65RXXW6CCQK6K.scan
    cd /Users/runner/work/brochacho/brochacho/App/Brochacho.xcodeproj
    builtin-precompileModule /Users/runner/Library/Developer/Xcode/DerivedData/Brochacho-bophpslfpqpondhathpifwanihyg/Build/Intermediates.noindex/ExplicitPrecompiledModules/_errno-4RAXPTSHEJLH65RXXW6CCQK6K.scan

PrecompileModule /Users/runner/Library/Developer/Xcode/DerivedData/Brochacho-bophpslfpqpondhathpifwanihyg/Build/Intermediates.noindex/ExplicitPrecompiledModules/_locale-4NS9WOVFRRYL1E9YQVHE3XTRB.scan
    cd /Users/runner/work/brochacho/brochacho/App/Brochacho.xcodeproj
    builtin-precompileModule /Users/runner/Library/Developer/Xcode/DerivedData/Brochacho-bophpslfpqpondhathpifwanihyg/Build/Intermediates.noindex/ExplicitPrecompiledModules/_locale-4NS9WOVFRRYL1E9YQVHE3XTRB.scan

PrecompileModule /Users/runner/Library/Developer/Xcode/DerivedData/Brochacho-bophpslfpqpondhathpifwanihyg/Build/Intermediates.noindex/ExplicitPrecompiledModules/_Builtin_stdint-CSHK5BPBD4F5LQTQ0VSDSM10N.scan
    cd /Users/runner/work/brochacho/brochacho/App/Brochacho.xcodeproj
    builtin-precompileModule /Users/runner/Library/Developer/Xcode/DerivedData/Brochacho-bophpslfpqpondhathpifwanihyg/Build/Intermediates.noindex/ExplicitPrecompiledModules/_Builtin_stdint-CSHK5BPBD4F5LQTQ0VSDSM10N.scan

PrecompileModule /Users/runner/Library/Developer/Xcode/DerivedData/Brochacho-bophpslfpqpondhathpifwanihyg/Build/Intermediates.noindex/ExplicitPrecompiledModules/_assert-4NK8N9POVXKGZIPEY0D8OW9N4.scan
    cd /Users/runner/work/brochacho/brochacho/App/Brochacho.xcodeproj
    builtin-precompileModule /Users/runner/Library/Developer/Xcode/DerivedData/Brochacho-bophpslfpqpondhathpifwanihyg/Build/Intermediates.noindex/ExplicitPrecompiledModules/_assert-4NK8N9POVXKGZIPEY0D8OW9N4.scan

SwiftDriverJobDiscovery normal arm64 Compiling KeyCombo+System.swift (in target 'HotKey' from project 'HotKey')

PrecompileModule /Users/runner/Library/Developer/Xcode/DerivedData/Brochacho-bophpslfpqpondhathpifwanihyg/Build/Intermediates.noindex/ExplicitPrecompiledModules/uuid-AC9SB91E7ZQ8M8N26XQ70GTIT.scan
    cd /Users/runner/work/brochacho/brochacho/App/Brochacho.xcodeproj
    builtin-precompileModule /Users/runner/Library/Developer/Xcode/DerivedData/Brochacho-bophpslfpqpondhathpifwanihyg/Build/Intermediates.noindex/ExplicitPrecompiledModules/uuid-AC9SB91E7ZQ8M8N26XQ70GTIT.scan

PrecompileModule /Users/runner/Library/Developer/Xcode/DerivedData/Brochacho-bophpslfpqpondhathpifwanihyg/Build/Intermediates.noindex/ExplicitPrecompiledModules/alloca-9ASDY4HNEW5VFLFHFVXNCWNAL.scan
    cd /Users/runner/work/brochacho/brochacho/App/Brochacho.xcodeproj
    builtin-precompileModule /Users/runner/Library/Developer/Xcode/DerivedData/Brochacho-bophpslfpqpondhathpifwanihyg/Build/Intermediates.noindex/ExplicitPrecompiledModules/alloca-9ASDY4HNEW5VFLFHFVXNCWNAL.scan

PrecompileModule /Users/runner/Library/Developer/Xcode/DerivedData/Brochacho-bophpslfpqpondhathpifwanihyg/Build/Intermediates.noindex/ExplicitPrecompiledModules/_Builtin_stdatomic-3PW4UEQIU8KQV9JUY3KSQVSBS.scan
    cd /Users/runner/work/brochacho/brochacho/App/Brochacho.xcodeproj
    builtin-precompileModule /Users/runner/Library/Developer/Xcode/DerivedData/Brochacho-bophpslfpqpondhathpifwanihyg/Build/Intermediates.noindex/ExplicitPrecompiledModules/_Builtin_stdatomic-3PW4UEQIU8KQV9JUY3KSQVSBS.scan

PrecompileModule /Users/runner/Library/Developer/Xcode/DerivedData/Brochacho-bophpslfpqpondhathpifwanihyg/Build/Intermediates.noindex/ExplicitPrecompiledModules/_useconds_t-22NTUP9J1L7S1HP7XRDEWOFNB.scan
    cd /Users/runner/work/brochacho/brochacho/App/Brochacho.xcodeproj
    builtin-precompileModule /Users/runner/Library/Developer/Xcode/DerivedData/Brochacho-bophpslfpqpondhathpifwanihyg/Build/Intermediates.noindex/ExplicitPrecompiledModules/_useconds_t-22NTUP9J1L7S1HP7XRDEWOFNB.scan

PrecompileModule /Users/runner/Library/Developer/Xcode/DerivedData/Brochacho-bophpslfpqpondhathpifwanihyg/Build/Intermediates.noindex/ExplicitPrecompiledModules/_math-1JZKZR2MR9G6IQPR1NVL80B4E.scan
    cd /Users/runner/work/brochacho/brochacho/App/Brochacho.xcodeproj
    builtin-precompileModule /Users/runner/Library/Developer/Xcode/DerivedData/Brochacho-bophpslfpqpondhathpifwanihyg/Build/Intermediates.noindex/ExplicitPrecompiledModules/_math-1JZKZR2MR9G6IQPR1NVL80B4E.scan

PrecompileModule /Users/runner/Library/Developer/Xcode/DerivedData/Brochacho-bophpslfpqpondhathpifwanihyg/Build/Intermediates.noindex/ExplicitPrecompiledModules/xlocale-AFX00LPKCOZFZ1VJ3ZCZDEIGD.scan
    cd /Users/runner/work/brochacho/brochacho/App/Brochacho.xcodeproj
    builtin-precompileModule /Users/runner/Library/Developer/Xcode/DerivedData/Brochacho-bophpslfpqpondhathpifwanihyg/Build/Intermediates.noindex/ExplicitPrecompiledModules/xlocale-AFX00LPKCOZFZ1VJ3ZCZDEIGD.scan

PrecompileModule /Users/runner/Library/Developer/Xcode/DerivedData/Brochacho-bophpslfpqpondhathpifwanihyg/Build/Intermediates.noindex/ExplicitPrecompiledModules/netinet_in-5S1Y8RRPBFI432A3FQ5WEEJZT.scan
    cd /Users/runner/work/brochacho/brochacho/App/Brochacho.xcodeproj
    builtin-precompileModule /Users/runner/Library/Developer/Xcode/DerivedData/Brochacho-bophpslfpqpondhathpifwanihyg/Build/Intermediates.noindex/ExplicitPrecompiledModules/netinet_in-5S1Y8RRPBFI432A3FQ5WEEJZT.scan

PrecompileModule /Users/runner/Library/Developer/Xcode/DerivedData/Brochacho-bophpslfpqpondhathpifwanihyg/Build/Intermediates.noindex/ExplicitPrecompiledModules/_strings-73376BY7ZMRH29XRGV2795Y4C.scan
    cd /Users/runner/work/brochacho/brochacho/App/Brochacho.xcodeproj
    builtin-precompileModule /Users/runner/Library/Developer/Xcode/DerivedData/Brochacho-bophpslfpqpondhathpifwanihyg/Build/Intermediates.noindex/ExplicitPrecompiledModules/_strings-73376BY7ZMRH29XRGV2795Y4C.scan

PrecompileModule /Users/runner/Library/Developer/Xcode/DerivedData/Brochacho-bophpslfpqpondhathpifwanihyg/Build/Intermediates.noindex/ExplicitPrecompiledModules/_inttypes-65Z8R6XQSVKCXF2ETKPBF08HY.scan
    cd /Users/runner/work/brochacho/brochacho/App/Brochacho.xcodeproj
    builtin-precompileModule /Users/runner/Library/Developer/Xcode/DerivedData/Brochacho-bophpslfpqpondhathpifwanihyg/Build/Intermediates.noindex/ExplicitPrecompiledModules/_inttypes-65Z8R6XQSVKCXF2ETKPBF08HY.scan

PrecompileModule /Users/runner/Library/Developer/Xcode/DerivedData/Brochacho-bophpslfpqpondhathpifwanihyg/Build/Intermediates.noindex/ExplicitPrecompiledModules/sys_time-HWW3W7HTU3UNTVV96LK0YZT8.scan
    cd /Users/runner/work/brochacho/brochacho/App/Brochacho.xcodeproj
    builtin-precompileModule /Users/runner/Library/Developer/Xcode/DerivedData/Brochacho-bophpslfpqpondhathpifwanihyg/Build/Intermediates.noindex/ExplicitPrecompiledModules/sys_time-HWW3W7HTU3UNTVV96LK0YZT8.scan

PrecompileModule /Users/runner/Library/Developer/Xcode/DerivedData/Brochacho-bophpslfpqpondhathpifwanihyg/Build/Intermediates.noindex/ExplicitPrecompiledModules/_sys_select-VRTZOY9VEM6IZQOP1GGSRX4X.scan
    cd /Users/runner/work/brochacho/brochacho/App/Brochacho.xcodeproj
    builtin-precompileModule /Users/runner/Library/Developer/Xcode/DerivedData/Brochacho-bophpslfpqpondhathpifwanihyg/Build/Intermediates.noindex/ExplicitPrecompiledModules/_sys_select-VRTZOY9VEM6IZQOP1GGSRX4X.scan

PrecompileModule /Users/runner/Library/Developer/Xcode/DerivedData/Brochacho-bophpslfpqpondhathpifwanihyg/Build/Intermediates.noindex/ExplicitPrecompiledModules/_limits-52VS1T8LQEE1HFPW9BRSNJQF8.scan
    cd /Users/runner/work/brochacho/brochacho/App/Brochacho.xcodeproj
    builtin-precompileModule /Users/runner/Library/Developer/Xcode/DerivedData/Brochacho-bophpslfpqpondhathpifwanihyg/Build/Intermediates.noindex/ExplicitPrecompiledModules/_limits-52VS1T8LQEE1HFPW9BRSNJQF8.scan

PrecompileModule /Users/runner/Library/Developer/Xcode/DerivedData/Brochacho-bophpslfpqpondhathpifwanihyg/Build/Intermediates.noindex/ExplicitPrecompiledModules/runetype-2WXH6D1E30A1DSFLFGROI5JN4.scan
    cd /Users/runner/work/brochacho/brochacho/App/Brochacho.xcodeproj
    builtin-precompileModule /Users/runner/Library/Developer/Xcode/DerivedData/Brochacho-bophpslfpqpondhathpifwanihyg/Build/Intermediates.noindex/ExplicitPrecompiledModules/runetype-2WXH6D1E30A1DSFLFGROI5JN4.scan

PrecompileModule /Users/runner/Library/Developer/Xcode/DerivedData/Brochacho-bophpslfpqpondhathpifwanihyg/Build/Intermediates.noindex/ExplicitPrecompiledModules/_Builtin_inttypes-7FU1E3BRM1OXNEGTOZK6L0ZXV.scan
    cd /Users/runner/work/brochacho/brochacho/App/Brochacho.xcodeproj
    builtin-precompileModule /Users/runner/Library/Developer/Xcode/DerivedData/Brochacho-bophpslfpqpondhathpifwanihyg/Build/Intermediates.noindex/ExplicitPrecompiledModules/_Builtin_inttypes-7FU1E3BRM1OXNEGTOZK6L0ZXV.scan

PrecompileModule /Users/runner/Library/Developer/Xcode/DerivedData/Brochacho-bophpslfpqpondhathpifwanihyg/Build/Intermediates.noindex/ExplicitPrecompiledModules/sys_types-BLAHZLHCRH3N38PTYIDPUHA2N.scan
    cd /Users/runner/work/brochacho/brochacho/App/Brochacho.xcodeproj
    builtin-precompileModule /Users/runner/Library/Developer/Xcode/DerivedData/Brochacho-bophpslfpqpondhathpifwanihyg/Build/Intermediates.noindex/ExplicitPrecompiledModules/sys_types-BLAHZLHCRH3N38PTYIDPUHA2N.scan

PrecompileModule /Users/runner/Library/Developer/Xcode/DerivedData/Brochacho-bophpslfpqpondhathpifwanihyg/Build/Intermediates.noindex/ExplicitPrecompiledModules/_Builtin_limits-5W3H2W6K9Q4MSI0RYOQZ7EUYK.scan
    cd /Users/runner/work/brochacho/brochacho/App/Brochacho.xcodeproj
    builtin-precompileModule /Users/runner/Library/Developer/Xcode/DerivedData/Brochacho-bophpslfpqpondhathpifwanihyg/Build/Intermediates.noindex/ExplicitPrecompiledModules/_Builtin_limits-5W3H2W6K9Q4MSI0RYOQZ7EUYK.scan

PrecompileModule /Users/runner/Library/Developer/Xcode/DerivedData/Brochacho-bophpslfpqpondhathpifwanihyg/Build/Intermediates.noindex/ExplicitPrecompiledModules/_ctype-37WFSXYDY4CZ4OVV32N6ADSVH.scan
    cd /Users/runner/work/brochacho/brochacho/App/Brochacho.xcodeproj
    builtin-precompileModule /Users/runner/Library/Developer/Xcode/DerivedData/Brochacho-bophpslfpqpondhathpifwanihyg/Build/Intermediates.noindex/ExplicitPrecompiledModules/_ctype-37WFSXYDY4CZ4OVV32N6ADSVH.scan

PrecompileModule /Users/runner/Library/Developer/Xcode/DerivedData/Brochacho-bophpslfpqpondhathpifwanihyg/Build/Intermediates.noindex/ExplicitPrecompiledModules/mach-48R6CH2JZQDTVIUURJR2BD4C5.scan
    cd /Users/runner/work/brochacho/brochacho/App/Brochacho.xcodeproj
    builtin-precompileModule /Users/runner/Library/Developer/Xcode/DerivedData/Brochacho-bophpslfpqpondhathpifwanihyg/Build/Intermediates.noindex/ExplicitPrecompiledModules/mach-48R6CH2JZQDTVIUURJR2BD4C5.scan

PrecompileModule /Users/runner/Library/Developer/Xcode/DerivedData/Brochacho-bophpslfpqpondhathpifwanihyg/Build/Intermediates.noindex/ExplicitPrecompiledModules/_complex-369K4YL51PKX3GNWU5U4DYDGS.scan
    cd /Users/runner/work/brochacho/brochacho/App/Brochacho.xcodeproj
    builtin-precompileModule /Users/runner/Library/Developer/Xcode/DerivedData/Brochacho-bophpslfpqpondhathpifwanihyg/Build/Intermediates.noindex/ExplicitPrecompiledModules/_complex-369K4YL51PKX3GNWU5U4DYDGS.scan

PrecompileModule /Users/runner/Library/Developer/Xcode/DerivedData/Brochacho-bophpslfpqpondhathpifwanihyg/Build/Intermediates.noindex/ExplicitPrecompiledModules/_string-3GJAN0HSWTGYK78MBKQJ3PJCG.scan
    cd /Users/runner/work/brochacho/brochacho/App/Brochacho.xcodeproj
    builtin-precompileModule /Users/runner/Library/Developer/Xcode/DerivedData/Brochacho-bophpslfpqpondhathpifwanihyg/Build/Intermediates.noindex/ExplicitPrecompiledModules/_string-3GJAN0HSWTGYK78MBKQJ3PJCG.scan

PrecompileModule /Users/runner/Library/Developer/Xcode/DerivedData/Brochacho-bophpslfpqpondhathpifwanihyg/Build/Intermediates.noindex/ExplicitPrecompiledModules/sys_resource-7BQI9IKRT6333D1WX1GKKTP7I.scan
    cd /Users/runner/work/brochacho/brochacho/App/Brochacho.xcodeproj
    builtin-precompileModule /Users/runner/Library/Developer/Xcode/DerivedData/Brochacho-bophpslfpqpondhathpifwanihyg/Build/Intermediates.noindex/ExplicitPrecompiledModules/sys_resource-7BQI9IKRT6333D1WX1GKKTP7I.scan

PrecompileModule /Users/runner/Library/Developer/Xcode/DerivedData/Brochacho-bophpslfpqpondhathpifwanihyg/Build/Intermediates.noindex/ExplicitPrecompiledModules/__wctype-D0CH1P3TV56SYXULLLP92MES6.scan
    cd /Users/runner/work/brochacho/brochacho/App/Brochacho.xcodeproj
    builtin-precompileModule /Users/runner/Library/Developer/Xcode/DerivedData/Brochacho-bophpslfpqpondhathpifwanihyg/Build/Intermediates.noindex/ExplicitPrecompiledModules/__wctype-D0CH1P3TV56SYXULLLP92MES6.scan

PrecompileModule /Users/runner/Library/Developer/Xcode/DerivedData/Brochacho-bophpslfpqpondhathpifwanihyg/Build/Intermediates.noindex/ExplicitPrecompiledModules/_tgmath-5OBGNLPJU16O31XVBR84UJLDH.scan
    cd /Users/runner/work/brochacho/brochacho/App/Brochacho.xcodeproj
    builtin-precompileModule /Users/runner/Library/Developer/Xcode/DerivedData/Brochacho-bophpslfpqpondhathpifwanihyg/Build/Intermediates.noindex/ExplicitPrecompiledModules/_tgmath-5OBGNLPJU16O31XVBR84UJLDH.scan

PrecompileModule /Users/runner/Library/Developer/Xcode/DerivedData/Brochacho-bophpslfpqpondhathpifwanihyg/Build/Intermediates.noindex/ExplicitPrecompiledModules/_signal-42E6CZUT43X2VD9KNPQJ4U83V.scan
    cd /Users/runner/work/brochacho/brochacho/App/Brochacho.xcodeproj
    builtin-precompileModule /Users/runner/Library/Developer/Xcode/DerivedData/Brochacho-bophpslfpqpondhathpifwanihyg/Build/Intermediates.noindex/ExplicitPrecompiledModules/_signal-42E6CZUT43X2VD9KNPQJ4U83V.scan

PrecompileModule /Users/runner/Library/Developer/Xcode/DerivedData/Brochacho-bophpslfpqpondhathpifwanihyg/Build/Intermediates.noindex/ExplicitPrecompiledModules/_stdio-XZHDXHMC9ILXSCX6SPOXMRM5.scan
    cd /Users/runner/work/brochacho/brochacho/App/Brochacho.xcodeproj
    builtin-precompileModule /Users/runner/Library/Developer/Xcode/DerivedData/Brochacho-bophpslfpqpondhathpifwanihyg/Build/Intermediates.noindex/ExplicitPrecompiledModules/_stdio-XZHDXHMC9ILXSCX6SPOXMRM5.scan

PrecompileModule /Users/runner/Library/Developer/Xcode/DerivedData/Brochacho-bophpslfpqpondhathpifwanihyg/Build/Intermediates.noindex/ExplicitPrecompiledModules/_time-6CLBVC2PD77DMUOM0PP4Y5SN6.scan
    cd /Users/runner/work/brochacho/brochacho/App/Brochacho.xcodeproj
    builtin-precompileModule /Users/runner/Library/Developer/Xcode/DerivedData/Brochacho-bophpslfpqpondhathpifwanihyg/Build/Intermediates.noindex/ExplicitPrecompiledModules/_time-6CLBVC2PD77DMUOM0PP4Y5SN6.scan

PrecompileModule /Users/runner/Library/Developer/Xcode/DerivedData/Brochacho-bophpslfpqpondhathpifwanihyg/Build/Intermediates.noindex/ExplicitPrecompiledModules/nl_types-D4E7U8LS2NZYO3QZ4N5PNFJBZ.scan
    cd /Users/runner/work/brochacho/brochacho/App/Brochacho.xcodeproj
    builtin-precompileModule /Users/runner/Library/Developer/Xcode/DerivedData/Brochacho-bophpslfpqpondhathpifwanihyg/Build/Intermediates.noindex/ExplicitPrecompiledModules/nl_types-D4E7U8LS2NZYO3QZ4N5PNFJBZ.scan

PrecompileModule /Users/runner/Library/Developer/Xcode/DerivedData/Brochacho-bophpslfpqpondhathpifwanihyg/Build/Intermediates.noindex/ExplicitPrecompiledModules/_Builtin_tgmath-5FH1LTP8BV8XSW6XPV8ZTRZGA.scan
    cd /Users/runner/work/brochacho/brochacho/App/Brochacho.xcodeproj
    builtin-precompileModule /Users/runner/Library/Developer/Xcode/DerivedData/Brochacho-bophpslfpqpondhathpifwanihyg/Build/Intermediates.noindex/ExplicitPrecompiledModules/_Builtin_tgmath-5FH1LTP8BV8XSW6XPV8ZTRZGA.scan

PrecompileModule /Users/runner/Library/Developer/Xcode/DerivedData/Brochacho-bophpslfpqpondhathpifwanihyg/Build/Intermediates.noindex/ExplicitPrecompiledModules/libDER-EGZ7LXGRCP75ETHSGY2LHADSP.scan
    cd /Users/runner/work/brochacho/brochacho/App/Brochacho.xcodeproj
    builtin-precompileModule /Users/runner/Library/Developer/Xcode/DerivedData/Brochacho-bophpslfpqpondhathpifwanihyg/Build/Intermediates.noindex/ExplicitPrecompiledModules/libDER-EGZ7LXGRCP75ETHSGY2LHADSP.scan

PrecompileModule /Users/runner/Library/Developer/Xcode/DerivedData/Brochacho-bophpslfpqpondhathpifwanihyg/Build/Intermediates.noindex/ExplicitPrecompiledModules/sys_wait-JI17HWZZDA8NHE7OYKVLEY3N.scan
    cd /Users/runner/work/brochacho/brochacho/App/Brochacho.xcodeproj
    builtin-precompileModule /Users/runner/Library/Developer/Xcode/DerivedData/Brochacho-bophpslfpqpondhathpifwanihyg/Build/Intermediates.noindex/ExplicitPrecompiledModules/sys_wait-JI17HWZZDA8NHE7OYKVLEY3N.scan

PrecompileModule /Users/runner/Library/Developer/Xcode/DerivedData/Brochacho-bophpslfpqpondhathpifwanihyg/Build/Intermediates.noindex/ExplicitPrecompiledModules/gethostuuid-3DULBQUUCK3654J3BZ89D7BJH.scan
    cd /Users/runner/work/brochacho/brochacho/App/Brochacho.xcodeproj
    builtin-precompileModule /Users/runner/Library/Developer/Xcode/DerivedData/Brochacho-bophpslfpqpondhathpifwanihyg/Build/Intermediates.noindex/ExplicitPrecompiledModules/gethostuuid-3DULBQUUCK3654J3BZ89D7BJH.scan

PrecompileModule /Users/runner/Library/Developer/Xcode/DerivedData/Brochacho-bophpslfpqpondhathpifwanihyg/Build/Intermediates.noindex/ExplicitPrecompiledModules/_wchar-79I5MU3GO6FVO8VWL8XB8WIIU.scan
    cd /Users/runner/work/brochacho/brochacho/App/Brochacho.xcodeproj
    builtin-precompileModule /Users/runner/Library/Developer/Xcode/DerivedData/Brochacho-bophpslfpqpondhathpifwanihyg/Build/Intermediates.noindex/ExplicitPrecompiledModules/_wchar-79I5MU3GO6FVO8VWL8XB8WIIU.scan

PrecompileModule /Users/runner/Library/Developer/Xcode/DerivedData/Brochacho-bophpslfpqpondhathpifwanihyg/Build/Intermediates.noindex/ExplicitPrecompiledModules/sys_select-48QSILIO3BKI5MTGF1E134EFS.scan
    cd /Users/runner/work/brochacho/brochacho/App/Brochacho.xcodeproj
    builtin-precompileModule /Users/runner/Library/Developer/Xcode/DerivedData/Brochacho-bophpslfpqpondhathpifwanihyg/Build/Intermediates.noindex/ExplicitPrecompiledModules/sys_select-48QSILIO3BKI5MTGF1E134EFS.scan

SwiftDriverJobDiscovery normal arm64 Emitting module for BrochachoCore (in target 'BrochachoCore' from project 'BrochachoCore')

PrecompileModule /Users/runner/Library/Developer/Xcode/DerivedData/Brochacho-bophpslfpqpondhathpifwanihyg/Build/Intermediates.noindex/ExplicitPrecompiledModules/_wctype-5G8QSMOGSE18SW2HGSGF252BN.scan
    cd /Users/runner/work/brochacho/brochacho/App/Brochacho.xcodeproj
    builtin-precompileModule /Users/runner/Library/Developer/Xcode/DerivedData/Brochacho-bophpslfpqpondhathpifwanihyg/Build/Intermediates.noindex/ExplicitPrecompiledModules/_wctype-5G8QSMOGSE18SW2HGSGF252BN.scan

SwiftDriver\ Compilation\ Requirements BrochachoCore normal arm64 com.apple.xcode.tools.swift.compiler (in target 'BrochachoCore' from project 'BrochachoCore')
    cd /Users/runner/work/brochacho/brochacho/App/Brochacho.xcodeproj
    builtin-Swift-Compilation-Requirements -- /Applications/Xcode_16.4.app/Contents/Developer/Toolchains/XcodeDefault.xctoolchain/usr/bin/swiftc -module-name BrochachoCore -Onone -enforce-exclusivity\=checked @/Users/runner/Library/Developer/Xcode/DerivedData/Brochacho-bophpslfpqpondhathpifwanihyg/Build/Intermediates.noindex/BrochachoCore.build/Debug/BrochachoCore.build/Objects-normal/arm64/BrochachoCore.SwiftFileList -DSWIFT_PACKAGE -DDEBUG -DXcode -plugin-path /Applications/Xcode_16.4.app/Contents/Developer/Toolchains/XcodeDefault.xctoolchain/usr/lib/swift/host/plugins/testing -enable-experimental-feature DebugDescriptionMacro -sdk /Applications/Xcode_16.4.app/Contents/Developer/Platforms/MacOSX.platform/Developer/SDKs/MacOSX15.5.sdk -target arm64-apple-macos13.0 -g -module-cache-path /Users/runner/Library/Developer/Xcode/DerivedData/ModuleCache.noindex -Xfrontend -serialize-debugging-options -enable-testing -index-store-path /Users/runner/Library/Developer/Xcode/DerivedData/Brochacho-bophpslfpqpondhathpifwanihyg/Index.noindex/DataStore -swift-version 5 -I /Users/runner/Library/Developer/Xcode/DerivedData/Brochacho-bophpslfpqpondhathpifwanihyg/Build/Products/Debug -I /Applications/Xcode_16.4.app/Contents/Developer/Platforms/MacOSX.platform/Developer/usr/lib -F /Users/runner/Library/Developer/Xcode/DerivedData/Brochacho-bophpslfpqpondhathpifwanihyg/Build/Products/Debug -F /Applications/Xcode_16.4.app/Contents/Developer/Platforms/MacOSX.platform/Developer/Library/Frameworks -c -j5 -enable-batch-mode -incremental -Xcc -ivfsstatcache -Xcc /Users/runner/Library/Developer/Xcode/DerivedData/SDKStatCaches.noindex/macosx15.5-24F74-a403186ba963133a54a0e0cacd566b0b.sdkstatcache -output-file-map /Users/runner/Library/Developer/Xcode/DerivedData/Brochacho-bophpslfpqpondhathpifwanihyg/Build/Intermediates.noindex/BrochachoCore.build/Debug/BrochachoCore.build/Objects-normal/arm64/BrochachoCore-OutputFileMap.json -use-frontend-parseable-output -save-temps -no-color-diagnostics -serialize-diagnostics -emit-dependencies -emit-module -emit-module-path /Users/runner/Library/Developer/Xcode/DerivedData/Brochacho-bophpslfpqpondhathpifwanihyg/Build/Intermediates.noindex/BrochachoCore.build/Debug/BrochachoCore.build/Objects-normal/arm64/BrochachoCore.swiftmodule -validate-clang-modules-once -clang-build-session-file /Users/runner/Library/Developer/Xcode/DerivedData/ModuleCache.noindex/Session.modulevalidation -package-name brochacho -Xcc -I/Users/runner/Library/Developer/Xcode/DerivedData/Brochacho-bophpslfpqpondhathpifwanihyg/Build/Intermediates.noindex/BrochachoCore.build/Debug/BrochachoCore.build/swift-overrides.hmap -emit-const-values -Xfrontend -const-gather-protocols-file -Xfrontend /Users/runner/Library/Developer/Xcode/DerivedData/Brochacho-bophpslfpqpondhathpifwanihyg/Build/Intermediates.noindex/BrochachoCore.build/Debug/BrochachoCore.build/Objects-normal/arm64/BrochachoCore_const_extract_protocols.json -Xcc -I/Users/runner/Library/Developer/Xcode/DerivedData/Brochacho-bophpslfpqpondhathpifwanihyg/Build/Products/Debug/include -Xcc -I/Users/runner/Library/Developer/Xcode/DerivedData/Brochacho-bophpslfpqpondhathpifwanihyg/Build/Intermediates.noindex/BrochachoCore.build/Debug/BrochachoCore.build/DerivedSources-normal/arm64 -Xcc -I/Users/runner/Library/Developer/Xcode/DerivedData/Brochacho-bophpslfpqpondhathpifwanihyg/Build/Intermediates.noindex/BrochachoCore.build/Debug/BrochachoCore.build/DerivedSources/arm64 -Xcc -I/Users/runner/Library/Developer/Xcode/DerivedData/Brochacho-bophpslfpqpondhathpifwanihyg/Build/Intermediates.noindex/BrochachoCore.build/Debug/BrochachoCore.build/DerivedSources -Xcc -DSWIFT_PACKAGE -Xcc -DDEBUG\=1 -emit-objc-header -emit-objc-header-path /Users/runner/Library/Developer/Xcode/DerivedData/Brochacho-bophpslfpqpondhathpifwanihyg/Build/Intermediates.noindex/BrochachoCore.build/Debug/BrochachoCore.build/Objects-normal/arm64/BrochachoCore-Swift.h -working-directory /Users/runner/work/brochacho/brochacho/App/Brochacho.xcodeproj -experimental-emit-module-separately -disable-cmo

PrecompileModule /Users/runner/Library/Developer/Xcode/DerivedData/Brochacho-bophpslfpqpondhathpifwanihyg/Build/Intermediates.noindex/ExplicitPrecompiledModules/_stdlib-5XZ7BG1YQP56DD4QSRIJUGCZJ.scan
    cd /Users/runner/work/brochacho/brochacho/App/Brochacho.xcodeproj
    builtin-precompileModule /Users/runner/Library/Developer/Xcode/DerivedData/Brochacho-bophpslfpqpondhathpifwanihyg/Build/Intermediates.noindex/ExplicitPrecompiledModules/_stdlib-5XZ7BG1YQP56DD4QSRIJUGCZJ.scan

SwiftMergeGeneratedHeaders /Users/runner/Library/Developer/Xcode/DerivedData/Brochacho-bophpslfpqpondhathpifwanihyg/Build/Intermediates.noindex/GeneratedModuleMaps/BrochachoCore-Swift.h /Users/runner/Library/Developer/Xcode/DerivedData/Brochacho-bophpslfpqpondhathpifwanihyg/Build/Intermediates.noindex/BrochachoCore.build/Debug/BrochachoCore.build/Objects-normal/arm64/BrochachoCore-Swift.h (in target 'BrochachoCore' from project 'BrochachoCore')
    cd /Users/runner/work/brochacho/brochacho
    builtin-swiftHeaderTool -arch arm64 /Users/runner/Library/Developer/Xcode/DerivedData/Brochacho-bophpslfpqpondhathpifwanihyg/Build/Intermediates.noindex/BrochachoCore.build/Debug/BrochachoCore.build/Objects-normal/arm64/BrochachoCore-Swift.h -o /Users/runner/Library/Developer/Xcode/DerivedData/Brochacho-bophpslfpqpondhathpifwanihyg/Build/Intermediates.noindex/GeneratedModuleMaps/BrochachoCore-Swift.h

Copy /Users/runner/Library/Developer/Xcode/DerivedData/Brochacho-bophpslfpqpondhathpifwanihyg/Build/Products/Debug/BrochachoCore.swiftmodule/arm64-apple-macos.swiftmodule /Users/runner/Library/Developer/Xcode/DerivedData/Brochacho-bophpslfpqpondhathpifwanihyg/Build/Intermediates.noindex/BrochachoCore.build/Debug/BrochachoCore.build/Objects-normal/arm64/BrochachoCore.swiftmodule (in target 'BrochachoCore' from project 'BrochachoCore')
    cd /Users/runner/work/brochacho/brochacho
    builtin-copy -exclude .DS_Store -exclude CVS -exclude .svn -exclude .git -exclude .hg -resolve-src-symlinks -rename /Users/runner/Library/Developer/Xcode/DerivedData/Brochacho-bophpslfpqpondhathpifwanihyg/Build/Intermediates.noindex/BrochachoCore.build/Debug/BrochachoCore.build/Objects-normal/arm64/BrochachoCore.swiftmodule /Users/runner/Library/Developer/Xcode/DerivedData/Brochacho-bophpslfpqpondhathpifwanihyg/Build/Products/Debug/BrochachoCore.swiftmodule/arm64-apple-macos.swiftmodule

Copy /Users/runner/Library/Developer/Xcode/DerivedData/Brochacho-bophpslfpqpondhathpifwanihyg/Build/Products/Debug/BrochachoCore.swiftmodule/arm64-apple-macos.swiftdoc /Users/runner/Library/Developer/Xcode/DerivedData/Brochacho-bophpslfpqpondhathpifwanihyg/Build/Intermediates.noindex/BrochachoCore.build/Debug/BrochachoCore.build/Objects-normal/arm64/BrochachoCore.swiftdoc (in target 'BrochachoCore' from project 'BrochachoCore')
    cd /Users/runner/work/brochacho/brochacho
    builtin-copy -exclude .DS_Store -exclude CVS -exclude .svn -exclude .git -exclude .hg -resolve-src-symlinks -rename /Users/runner/Library/Developer/Xcode/DerivedData/Brochacho-bophpslfpqpondhathpifwanihyg/Build/Intermediates.noindex/BrochachoCore.build/Debug/BrochachoCore.build/Objects-normal/arm64/BrochachoCore.swiftdoc /Users/runner/Library/Developer/Xcode/DerivedData/Brochacho-bophpslfpqpondhathpifwanihyg/Build/Products/Debug/BrochachoCore.swiftmodule/arm64-apple-macos.swiftdoc

Copy /Users/runner/Library/Developer/Xcode/DerivedData/Brochacho-bophpslfpqpondhathpifwanihyg/Build/Products/Debug/BrochachoCore.swiftmodule/arm64-apple-macos.abi.json /Users/runner/Library/Developer/Xcode/DerivedData/Brochacho-bophpslfpqpondhathpifwanihyg/Build/Intermediates.noindex/BrochachoCore.build/Debug/BrochachoCore.build/Objects-normal/arm64/BrochachoCore.abi.json (in target 'BrochachoCore' from project 'BrochachoCore')
    cd /Users/runner/work/brochacho/brochacho
    builtin-copy -exclude .DS_Store -exclude CVS -exclude .svn -exclude .git -exclude .hg -resolve-src-symlinks -rename /Users/runner/Library/Developer/Xcode/DerivedData/Brochacho-bophpslfpqpondhathpifwanihyg/Build/Intermediates.noindex/BrochachoCore.build/Debug/BrochachoCore.build/Objects-normal/arm64/BrochachoCore.abi.json /Users/runner/Library/Developer/Xcode/DerivedData/Brochacho-bophpslfpqpondhathpifwanihyg/Build/Products/Debug/BrochachoCore.swiftmodule/arm64-apple-macos.abi.json

Copy /Users/runner/Library/Developer/Xcode/DerivedData/Brochacho-bophpslfpqpondhathpifwanihyg/Build/Products/Debug/BrochachoCore.swiftmodule/Project/arm64-apple-macos.swiftsourceinfo /Users/runner/Library/Developer/Xcode/DerivedData/Brochacho-bophpslfpqpondhathpifwanihyg/Build/Intermediates.noindex/BrochachoCore.build/Debug/BrochachoCore.build/Objects-normal/arm64/BrochachoCore.swiftsourceinfo (in target 'BrochachoCore' from project 'BrochachoCore')
    cd /Users/runner/work/brochacho/brochacho
    builtin-copy -exclude .DS_Store -exclude CVS -exclude .svn -exclude .git -exclude .hg -resolve-src-symlinks -rename /Users/runner/Library/Developer/Xcode/DerivedData/Brochacho-bophpslfpqpondhathpifwanihyg/Build/Intermediates.noindex/BrochachoCore.build/Debug/BrochachoCore.build/Objects-normal/arm64/BrochachoCore.swiftsourceinfo /Users/runner/Library/Developer/Xcode/DerivedData/Brochacho-bophpslfpqpondhathpifwanihyg/Build/Products/Debug/BrochachoCore.swiftmodule/Project/arm64-apple-macos.swiftsourceinfo

PrecompileModule /Users/runner/Library/Developer/Xcode/DerivedData/Brochacho-bophpslfpqpondhathpifwanihyg/Build/Intermediates.noindex/ExplicitPrecompiledModules/pthread-A6ILE0QZJA1NAWL32WWBTDQLB.scan
    cd /Users/runner/work/brochacho/brochacho/App/Brochacho.xcodeproj
    builtin-precompileModule /Users/runner/Library/Developer/Xcode/DerivedData/Brochacho-bophpslfpqpondhathpifwanihyg/Build/Intermediates.noindex/ExplicitPrecompiledModules/pthread-A6ILE0QZJA1NAWL32WWBTDQLB.scan

SwiftCompile normal arm64 Compiling\ DynamicNotchTransitionConfiguration.swift,\ DynamicNotchInfo+HelperViews.swift,\ DynamicNotchInfo+Label.swift,\ DynamicNotchInfo.swift /Users/runner/work/brochacho/brochacho/App/Vendor/DynamicNotchKit/Sources/DynamicNotchKit/DynamicNotch/DynamicNotchTransitionConfiguration.swift /Users/runner/work/brochacho/brochacho/App/Vendor/DynamicNotchKit/Sources/DynamicNotchKit/DynamicNotchInfo/DynamicNotchInfo+HelperViews.swift /Users/runner/work/brochacho/brochacho/App/Vendor/DynamicNotchKit/Sources/DynamicNotchKit/DynamicNotchInfo/DynamicNotchInfo+Label.swift /Users/runner/work/brochacho/brochacho/App/Vendor/DynamicNotchKit/Sources/DynamicNotchKit/DynamicNotchInfo/DynamicNotchInfo.swift (in target 'DynamicNotchKit' from project 'DynamicNotchKit')
SwiftCompile normal arm64 /Users/runner/work/brochacho/brochacho/App/Vendor/DynamicNotchKit/Sources/DynamicNotchKit/DynamicNotch/DynamicNotchTransitionConfiguration.swift (in target 'DynamicNotchKit' from project 'DynamicNotchKit')
    cd /Users/runner/work/brochacho/brochacho/App/Brochacho.xcodeproj
    

SwiftCompile normal arm64 /Users/runner/work/brochacho/brochacho/App/Vendor/DynamicNotchKit/Sources/DynamicNotchKit/DynamicNotchInfo/DynamicNotchInfo+HelperViews.swift (in target 'DynamicNotchKit' from project 'DynamicNotchKit')
    cd /Users/runner/work/brochacho/brochacho/App/Brochacho.xcodeproj
    

SwiftCompile normal arm64 /Users/runner/work/brochacho/brochacho/App/Vendor/DynamicNotchKit/Sources/DynamicNotchKit/DynamicNotchInfo/DynamicNotchInfo+Label.swift (in target 'DynamicNotchKit' from project 'DynamicNotchKit')
    cd /Users/runner/work/brochacho/brochacho/App/Brochacho.xcodeproj
    

SwiftCompile normal arm64 /Users/runner/work/brochacho/brochacho/App/Vendor/DynamicNotchKit/Sources/DynamicNotchKit/DynamicNotchInfo/DynamicNotchInfo.swift (in target 'DynamicNotchKit' from project 'DynamicNotchKit')
    cd /Users/runner/work/brochacho/brochacho/App/Brochacho.xcodeproj
    

PrecompileModule /Users/runner/Library/Developer/Xcode/DerivedData/Brochacho-bophpslfpqpondhathpifwanihyg/Build/Intermediates.noindex/ExplicitPrecompiledModules/unistd-556K7NNXYV4EHHS8AM7DL89OE.scan
    cd /Users/runner/work/brochacho/brochacho/App/Brochacho.xcodeproj
    builtin-precompileModule /Users/runner/Library/Developer/Xcode/DerivedData/Brochacho-bophpslfpqpondhathpifwanihyg/Build/Intermediates.noindex/ExplicitPrecompiledModules/unistd-556K7NNXYV4EHHS8AM7DL89OE.scan

SwiftCompile normal arm64 Compiling\ BlurModifier.swift,\ DynamicNotchControllable.swift,\ DynamicNotchPanel.swift,\ EnvironmentValues+Extensions.swift /Users/runner/work/brochacho/brochacho/App/Vendor/DynamicNotchKit/Sources/DynamicNotchKit/Utility/BlurModifier.swift /Users/runner/work/brochacho/brochacho/App/Vendor/DynamicNotchKit/Sources/DynamicNotchKit/Utility/DynamicNotchControllable.swift /Users/runner/work/brochacho/brochacho/App/Vendor/DynamicNotchKit/Sources/DynamicNotchKit/Utility/DynamicNotchPanel.swift /Users/runner/work/brochacho/brochacho/App/Vendor/DynamicNotchKit/Sources/DynamicNotchKit/Utility/EnvironmentValues+Extensions.swift (in target 'DynamicNotchKit' from project 'DynamicNotchKit')

SwiftCompile normal arm64 /Users/runner/work/brochacho/brochacho/App/Vendor/DynamicNotchKit/Sources/DynamicNotchKit/Utility/BlurModifier.swift (in target 'DynamicNotchKit' from project 'DynamicNotchKit')
    cd /Users/runner/work/brochacho/brochacho/App/Brochacho.xcodeproj
    

SwiftCompile normal arm64 /Users/runner/work/brochacho/brochacho/App/Vendor/DynamicNotchKit/Sources/DynamicNotchKit/Utility/DynamicNotchControllable.swift (in target 'DynamicNotchKit' from project 'DynamicNotchKit')
    cd /Users/runner/work/brochacho/brochacho/App/Brochacho.xcodeproj
    

SwiftCompile normal arm64 /Users/runner/work/brochacho/brochacho/App/Vendor/DynamicNotchKit/Sources/DynamicNotchKit/Utility/DynamicNotchPanel.swift (in target 'DynamicNotchKit' from project 'DynamicNotchKit')
    cd /Users/runner/work/brochacho/brochacho/App/Brochacho.xcodeproj
    

SwiftCompile normal arm64 /Users/runner/work/brochacho/brochacho/App/Vendor/DynamicNotchKit/Sources/DynamicNotchKit/Utility/EnvironmentValues+Extensions.swift (in target 'DynamicNotchKit' from project 'DynamicNotchKit')
    cd /Users/runner/work/brochacho/brochacho/App/Brochacho.xcodeproj
    

SwiftCompile normal arm64 Compiling\ NotchShape.swift,\ NotchView.swift,\ NotchlessView.swift /Users/runner/work/brochacho/brochacho/App/Vendor/DynamicNotchKit/Sources/DynamicNotchKit/Views/NotchShape.swift /Users/runner/work/brochacho/brochacho/App/Vendor/DynamicNotchKit/Sources/DynamicNotchKit/Views/NotchView.swift /Users/runner/work/brochacho/brochacho/App/Vendor/DynamicNotchKit/Sources/DynamicNotchKit/Views/NotchlessView.swift (in target 'DynamicNotchKit' from project 'DynamicNotchKit')

SwiftCompile normal arm64 /Users/runner/work/brochacho/brochacho/App/Vendor/DynamicNotchKit/Sources/DynamicNotchKit/Views/NotchShape.swift (in target 'DynamicNotchKit' from project 'DynamicNotchKit')
    cd /Users/runner/work/brochacho/brochacho/App/Brochacho.xcodeproj
    

SwiftCompile normal arm64 /Users/runner/work/brochacho/brochacho/App/Vendor/DynamicNotchKit/Sources/DynamicNotchKit/Views/NotchView.swift (in target 'DynamicNotchKit' from project 'DynamicNotchKit')
    cd /Users/runner/work/brochacho/brochacho/App/Brochacho.xcodeproj
    

SwiftCompile normal arm64 /Users/runner/work/brochacho/brochacho/App/Vendor/DynamicNotchKit/Sources/DynamicNotchKit/Views/NotchlessView.swift (in target 'DynamicNotchKit' from project 'DynamicNotchKit')
    cd /Users/runner/work/brochacho/brochacho/App/Brochacho.xcodeproj
    

SwiftCompile normal arm64 Compiling\ DynamicNotch.swift,\ DynamicNotchHoverBehavior.swift,\ DynamicNotchState.swift,\ DynamicNotchStyle.swift /Users/runner/work/brochacho/brochacho/App/Vendor/DynamicNotchKit/Sources/DynamicNotchKit/DynamicNotch/DynamicNotch.swift /Users/runner/work/brochacho/brochacho/App/Vendor/DynamicNotchKit/Sources/DynamicNotchKit/DynamicNotch/DynamicNotchHoverBehavior.swift /Users/runner/work/brochacho/brochacho/App/Vendor/DynamicNotchKit/Sources/DynamicNotchKit/DynamicNotch/DynamicNotchState.swift /Users/runner/work/brochacho/brochacho/App/Vendor/DynamicNotchKit/Sources/DynamicNotchKit/DynamicNotch/DynamicNotchStyle.swift (in target 'DynamicNotchKit' from project 'DynamicNotchKit')

SwiftCompile normal arm64 /Users/runner/work/brochacho/brochacho/App/Vendor/DynamicNotchKit/Sources/DynamicNotchKit/DynamicNotch/DynamicNotch.swift (in target 'DynamicNotchKit' from project 'DynamicNotchKit')
    cd /Users/runner/work/brochacho/brochacho/App/Brochacho.xcodeproj
    

SwiftCompile normal arm64 /Users/runner/work/brochacho/brochacho/App/Vendor/DynamicNotchKit/Sources/DynamicNotchKit/DynamicNotch/DynamicNotchHoverBehavior.swift (in target 'DynamicNotchKit' from project 'DynamicNotchKit')
    cd /Users/runner/work/brochacho/brochacho/App/Brochacho.xcodeproj
    

SwiftCompile normal arm64 /Users/runner/work/brochacho/brochacho/App/Vendor/DynamicNotchKit/Sources/DynamicNotchKit/DynamicNotch/DynamicNotchState.swift (in target 'DynamicNotchKit' from project 'DynamicNotchKit')
    cd /Users/runner/work/brochacho/brochacho/App/Brochacho.xcodeproj
    

SwiftCompile normal arm64 /Users/runner/work/brochacho/brochacho/App/Vendor/DynamicNotchKit/Sources/DynamicNotchKit/DynamicNotch/DynamicNotchStyle.swift (in target 'DynamicNotchKit' from project 'DynamicNotchKit')
    cd /Users/runner/work/brochacho/brochacho/App/Brochacho.xcodeproj
    

PrecompileModule /Users/runner/Library/Developer/Xcode/DerivedData/Brochacho-bophpslfpqpondhathpifwanihyg/Build/Intermediates.noindex/ExplicitPrecompiledModules/Darwin-1LK8QKX9G8C9Q0P9LI35121D2.scan
    cd /Users/runner/work/brochacho/brochacho/App/Brochacho.xcodeproj
    builtin-precompileModule /Users/runner/Library/Developer/Xcode/DerivedData/Brochacho-bophpslfpqpondhathpifwanihyg/Build/Intermediates.noindex/ExplicitPrecompiledModules/Darwin-1LK8QKX9G8C9Q0P9LI35121D2.scan

SwiftDriverJobDiscovery normal arm64 Compiling Key.swift (in target 'HotKey' from project 'HotKey')

SwiftDriver\ Compilation HotKey normal arm64 com.apple.xcode.tools.swift.compiler (in target 'HotKey' from project 'HotKey')
    cd /Users/runner/work/brochacho/brochacho/App/Brochacho.xcodeproj
    builtin-Swift-Compilation -- /Applications/Xcode_16.4.app/Contents/Developer/Toolchains/XcodeDefault.xctoolchain/usr/bin/swiftc -module-name HotKey -Onone -enforce-exclusivity\=checked @/Users/runner/Library/Developer/Xcode/DerivedData/Brochacho-bophpslfpqpondhathpifwanihyg/Build/Intermediates.noindex/HotKey.build/Debug/HotKey.build/Objects-normal/arm64/HotKey.SwiftFileList -DSWIFT_PACKAGE -DDEBUG -DXcode -plugin-path /Applications/Xcode_16.4.app/Contents/Developer/Toolchains/XcodeDefault.xctoolchain/usr/lib/swift/host/plugins/testing -enable-experimental-feature DebugDescriptionMacro -sdk /Applications/Xcode_16.4.app/Contents/Developer/Platforms/MacOSX.platform/Developer/SDKs/MacOSX15.5.sdk -target arm64-apple-macos10.13 -g -module-cache-path /Users/runner/Library/Developer/Xcode/DerivedData/ModuleCache.noindex -Xfrontend -serialize-debugging-options -enable-testing -suppress-warnings -index-store-path /Users/runner/Library/Developer/Xcode/DerivedData/Brochacho-bophpslfpqpondhathpifwanihyg/Index.noindex/DataStore -swift-version 5 -I /Users/runner/Library/Developer/Xcode/DerivedData/Brochacho-bophpslfpqpondhathpifwanihyg/Build/Products/Debug -I /Applications/Xcode_16.4.app/Contents/Developer/Platforms/MacOSX.platform/Developer/usr/lib -F /Users/runner/Library/Developer/Xcode/DerivedData/Brochacho-bophpslfpqpondhathpifwanihyg/Build/Products/Debug -F /Applications/Xcode_16.4.app/Contents/Developer/Platforms/MacOSX.platform/Developer/Library/Frameworks -c -j5 -enable-batch-mode -incremental -Xcc -ivfsstatcache -Xcc /Users/runner/Library/Developer/Xcode/DerivedData/SDKStatCaches.noindex/macosx15.5-24F74-a403186ba963133a54a0e0cacd566b0b.sdkstatcache -output-file-map /Users/runner/Library/Developer/Xcode/DerivedData/Brochacho-bophpslfpqpondhathpifwanihyg/Build/Intermediates.noindex/HotKey.build/Debug/HotKey.build/Objects-normal/arm64/HotKey-OutputFileMap.json -use-frontend-parseable-output -save-temps -no-color-diagnostics -serialize-diagnostics -emit-dependencies -emit-module -emit-module-path /Users/runner/Library/Developer/Xcode/DerivedData/Brochacho-bophpslfpqpondhathpifwanihyg/Build/Intermediates.noindex/HotKey.build/Debug/HotKey.build/Objects-normal/arm64/HotKey.swiftmodule -validate-clang-modules-once -clang-build-session-file /Users/runner/Library/Developer/Xcode/DerivedData/ModuleCache.noindex/Session.modulevalidation -Xcc -I/Users/runner/Library/Developer/Xcode/DerivedData/Brochacho-bophpslfpqpondhathpifwanihyg/Build/Intermediates.noindex/HotKey.build/Debug/HotKey.build/swift-overrides.hmap -emit-const-values -Xfrontend -const-gather-protocols-file -Xfrontend /Users/runner/Library/Developer/Xcode/DerivedData/Brochacho-bophpslfpqpondhathpifwanihyg/Build/Intermediates.noindex/HotKey.build/Debug/HotKey.build/Objects-normal/arm64/HotKey_const_extract_protocols.json -Xcc -I/Users/runner/Library/Developer/Xcode/DerivedData/Brochacho-bophpslfpqpondhathpifwanihyg/Build/Products/Debug/include -Xcc -I/Users/runner/Library/Developer/Xcode/DerivedData/Brochacho-bophpslfpqpondhathpifwanihyg/Build/Intermediates.noindex/HotKey.build/Debug/HotKey.build/DerivedSources-normal/arm64 -Xcc -I/Users/runner/Library/Developer/Xcode/DerivedData/Brochacho-bophpslfpqpondhathpifwanihyg/Build/Intermediates.noindex/HotKey.build/Debug/HotKey.build/DerivedSources/arm64 -Xcc -I/Users/runner/Library/Developer/Xcode/DerivedData/Brochacho-bophpslfpqpondhathpifwanihyg/Build/Intermediates.noindex/HotKey.build/Debug/HotKey.build/DerivedSources -Xcc -DSWIFT_PACKAGE -Xcc -DDEBUG\=1 -emit-objc-header -emit-objc-header-path /Users/runner/Library/Developer/Xcode/DerivedData/Brochacho-bophpslfpqpondhathpifwanihyg/Build/Intermediates.noindex/HotKey.build/Debug/HotKey.build/Objects-normal/arm64/HotKey-Swift.h -working-directory /Users/runner/work/brochacho/brochacho/App/Brochacho.xcodeproj -experimental-emit-module-separately -disable-cmo

PrecompileModule /Users/runner/Library/Developer/Xcode/DerivedData/Brochacho-bophpslfpqpondhathpifwanihyg/Build/Intermediates.noindex/ExplicitPrecompiledModules/MachO-14NNZ8OMZJ28RX2FAPG3FWFYC.scan
    cd /Users/runner/work/brochacho/brochacho/App/Brochacho.xcodeproj
    builtin-precompileModule /Users/runner/Library/Developer/Xcode/DerivedData/Brochacho-bophpslfpqpondhathpifwanihyg/Build/Intermediates.noindex/ExplicitPrecompiledModules/MachO-14NNZ8OMZJ28RX2FAPG3FWFYC.scan

PrecompileModule /Users/runner/Library/Developer/Xcode/DerivedData/Brochacho-bophpslfpqpondhathpifwanihyg/Build/Intermediates.noindex/ExplicitPrecompiledModules/CUPS-4KPS33896936MGIRYJF2ZRH2X.scan
    cd /Users/runner/work/brochacho/brochacho/App/Brochacho.xcodeproj
    builtin-precompileModule /Users/runner/Library/Developer/Xcode/DerivedData/Brochacho-bophpslfpqpondhathpifwanihyg/Build/Intermediates.noindex/ExplicitPrecompiledModules/CUPS-4KPS33896936MGIRYJF2ZRH2X.scan

PrecompileModule /Users/runner/Library/Developer/Xcode/DerivedData/Brochacho-bophpslfpqpondhathpifwanihyg/Build/Intermediates.noindex/ExplicitPrecompiledModules/launch-7RCI451D169HY1IAW7N9SBT8Y.scan
    cd /Users/runner/work/brochacho/brochacho/App/Brochacho.xcodeproj
    builtin-precompileModule /Users/runner/Library/Developer/Xcode/DerivedData/Brochacho-bophpslfpqpondhathpifwanihyg/Build/Intermediates.noindex/ExplicitPrecompiledModules/launch-7RCI451D169HY1IAW7N9SBT8Y.scan

PrecompileModule /Users/runner/Library/Developer/Xcode/DerivedData/Brochacho-bophpslfpqpondhathpifwanihyg/Build/Intermediates.noindex/ExplicitPrecompiledModules/ObjectiveC-B4JE58ZBS6L64ALEVKAEMADZR.scan
    cd /Users/runner/work/brochacho/brochacho/App/Brochacho.xcodeproj
    builtin-precompileModule /Users/runner/Library/Developer/Xcode/DerivedData/Brochacho-bophpslfpqpondhathpifwanihyg/Build/Intermediates.noindex/ExplicitPrecompiledModules/ObjectiveC-B4JE58ZBS6L64ALEVKAEMADZR.scan

PrecompileModule /Users/runner/Library/Developer/Xcode/DerivedData/Brochacho-bophpslfpqpondhathpifwanihyg/Build/Intermediates.noindex/ExplicitPrecompiledModules/libkern-7ZNYEA3XYS9I57U7HHWCFJXGM.scan
    cd /Users/runner/work/brochacho/brochacho/App/Brochacho.xcodeproj
    builtin-precompileModule /Users/runner/Library/Developer/Xcode/DerivedData/Brochacho-bophpslfpqpondhathpifwanihyg/Build/Intermediates.noindex/ExplicitPrecompiledModules/libkern-7ZNYEA3XYS9I57U7HHWCFJXGM.scan

PrecompileModule /Users/runner/Library/Developer/Xcode/DerivedData/Brochacho-bophpslfpqpondhathpifwanihyg/Build/Intermediates.noindex/ExplicitPrecompiledModules/os_object-7WWZUF84IM953OVEXYSAQP3HT.scan
    cd /Users/runner/work/brochacho/brochacho/App/Brochacho.xcodeproj
    builtin-precompileModule /Users/runner/Library/Developer/Xcode/DerivedData/Brochacho-bophpslfpqpondhathpifwanihyg/Build/Intermediates.noindex/ExplicitPrecompiledModules/os_object-7WWZUF84IM953OVEXYSAQP3HT.scan

SwiftCompile normal arm64 Compiling\ NSScreen+Extensions.swift,\ VisualEffectView.swift,\ NotchContentView.swift /Users/runner/work/brochacho/brochacho/App/Vendor/DynamicNotchKit/Sources/DynamicNotchKit/Utility/NSScreen+Extensions.swift /Users/runner/work/brochacho/brochacho/App/Vendor/DynamicNotchKit/Sources/DynamicNotchKit/Utility/VisualEffectView.swift /Users/runner/work/brochacho/brochacho/App/Vendor/DynamicNotchKit/Sources/DynamicNotchKit/Views/NotchContentView.swift (in target 'DynamicNotchKit' from project 'DynamicNotchKit')
SwiftCompile normal arm64 /Users/runner/work/brochacho/brochacho/App/Vendor/DynamicNotchKit/Sources/DynamicNotchKit/Utility/NSScreen+Extensions.swift (in target 'DynamicNotchKit' from project 'DynamicNotchKit')
    cd /Users/runner/work/brochacho/brochacho/App/Brochacho.xcodeproj
    

SwiftCompile normal arm64 /Users/runner/work/brochacho/brochacho/App/Vendor/DynamicNotchKit/Sources/DynamicNotchKit/Utility/VisualEffectView.swift (in target 'DynamicNotchKit' from project 'DynamicNotchKit')
    cd /Users/runner/work/brochacho/brochacho/App/Brochacho.xcodeproj
    

SwiftCompile normal arm64 /Users/runner/work/brochacho/brochacho/App/Vendor/DynamicNotchKit/Sources/DynamicNotchKit/Views/NotchContentView.swift (in target 'DynamicNotchKit' from project 'DynamicNotchKit')
    cd /Users/runner/work/brochacho/brochacho/App/Brochacho.xcodeproj
    

PrecompileModule /Users/runner/Library/Developer/Xcode/DerivedData/Brochacho-bophpslfpqpondhathpifwanihyg/Build/Intermediates.noindex/ExplicitPrecompiledModules/os_workgroup-BJX1W0J1LIBC8JCI16COL8LQK.scan
    cd /Users/runner/work/brochacho/brochacho/App/Brochacho.xcodeproj
    builtin-precompileModule /Users/runner/Library/Developer/Xcode/DerivedData/Brochacho-bophpslfpqpondhathpifwanihyg/Build/Intermediates.noindex/ExplicitPrecompiledModules/os_workgroup-BJX1W0J1LIBC8JCI16COL8LQK.scan

SwiftDriverJobDiscovery normal arm64 Compiling NotchShape.swift, NotchView.swift, NotchlessView.swift (in target 'DynamicNotchKit' from project 'DynamicNotchKit')

SwiftCompile normal arm64 Compiling\ Stores.swift,\ TextTools.swift,\ Tuner.swift /Users/runner/work/brochacho/brochacho/Sources/BrochachoCore/Stores.swift /Users/runner/work/brochacho/brochacho/Sources/BrochachoCore/TextTools.swift /Users/runner/work/brochacho/brochacho/Sources/BrochachoCore/Tuner.swift (in target 'BrochachoCore' from project 'BrochachoCore')

SwiftCompile normal arm64 /Users/runner/work/brochacho/brochacho/Sources/BrochachoCore/Stores.swift (in target 'BrochachoCore' from project 'BrochachoCore')
    cd /Users/runner/work/brochacho/brochacho/App/Brochacho.xcodeproj
    

SwiftCompile normal arm64 /Users/runner/work/brochacho/brochacho/Sources/BrochachoCore/TextTools.swift (in target 'BrochachoCore' from project 'BrochachoCore')
    cd /Users/runner/work/brochacho/brochacho/App/Brochacho.xcodeproj
    

SwiftCompile normal arm64 /Users/runner/work/brochacho/brochacho/Sources/BrochachoCore/Tuner.swift (in target 'BrochachoCore' from project 'BrochachoCore')
    cd /Users/runner/work/brochacho/brochacho/App/Brochacho.xcodeproj
    

SwiftDriverJobDiscovery normal arm64 Compiling BlurModifier.swift, DynamicNotchControllable.swift, DynamicNotchPanel.swift, EnvironmentValues+Extensions.swift (in target 'DynamicNotchKit' from project 'DynamicNotchKit')

SwiftCompile normal arm64 Compiling\ Lines.swift,\ Matcher.swift,\ Stash.swift /Users/runner/work/brochacho/brochacho/Sources/BrochachoCore/Lines.swift /Users/runner/work/brochacho/brochacho/Sources/BrochachoCore/Matcher.swift /Users/runner/work/brochacho/brochacho/Sources/BrochachoCore/Stash.swift (in target 'BrochachoCore' from project 'BrochachoCore')

SwiftCompile normal arm64 /Users/runner/work/brochacho/brochacho/Sources/BrochachoCore/Lines.swift (in target 'BrochachoCore' from project 'BrochachoCore')
    cd /Users/runner/work/brochacho/brochacho/App/Brochacho.xcodeproj
    

SwiftCompile normal arm64 /Users/runner/work/brochacho/brochacho/Sources/BrochachoCore/Matcher.swift (in target 'BrochachoCore' from project 'BrochachoCore')
    cd /Users/runner/work/brochacho/brochacho/App/Brochacho.xcodeproj
    

SwiftCompile normal arm64 /Users/runner/work/brochacho/brochacho/Sources/BrochachoCore/Stash.swift (in target 'BrochachoCore' from project 'BrochachoCore')
    cd /Users/runner/work/brochacho/brochacho/App/Brochacho.xcodeproj
    

SwiftDriverJobDiscovery normal arm64 Compiling DynamicNotch.swift, DynamicNotchHoverBehavior.swift, DynamicNotchState.swift, DynamicNotchStyle.swift (in target 'DynamicNotchKit' from project 'DynamicNotchKit')

SwiftCompile normal arm64 Compiling\ DefaultTunings.swift,\ Extras.swift,\ Feedback.swift /Users/runner/work/brochacho/brochacho/Sources/BrochachoCore/DefaultTunings.swift /Users/runner/work/brochacho/brochacho/Sources/BrochachoCore/Extras.swift /Users/runner/work/brochacho/brochacho/Sources/BrochachoCore/Feedback.swift (in target 'BrochachoCore' from project 'BrochachoCore')

SwiftCompile normal arm64 /Users/runner/work/brochacho/brochacho/Sources/BrochachoCore/DefaultTunings.swift (in target 'BrochachoCore' from project 'BrochachoCore')
    cd /Users/runner/work/brochacho/brochacho/App/Brochacho.xcodeproj
    

SwiftCompile normal arm64 /Users/runner/work/brochacho/brochacho/Sources/BrochachoCore/Extras.swift (in target 'BrochachoCore' from project 'BrochachoCore')
    cd /Users/runner/work/brochacho/brochacho/App/Brochacho.xcodeproj
    

SwiftCompile normal arm64 /Users/runner/work/brochacho/brochacho/Sources/BrochachoCore/Feedback.swift (in target 'BrochachoCore' from project 'BrochachoCore')
    cd /Users/runner/work/brochacho/brochacho/App/Brochacho.xcodeproj
    

SwiftDriverJobDiscovery normal arm64 Compiling DynamicNotchTransitionConfiguration.swift, DynamicNotchInfo+HelperViews.swift, DynamicNotchInfo+Label.swift, DynamicNotchInfo.swift (in target 'DynamicNotchKit' from project 'DynamicNotchKit')

SwiftCompile normal arm64 Compiling\ Catalog.swift,\ CatalogMigration.swift,\ Config.swift,\ DefaultCatalog.swift /Users/runner/work/brochacho/brochacho/Sources/BrochachoCore/Catalog.swift /Users/runner/work/brochacho/brochacho/Sources/BrochachoCore/CatalogMigration.swift /Users/runner/work/brochacho/brochacho/Sources/BrochachoCore/Config.swift /Users/runner/work/brochacho/brochacho/Sources/BrochachoCore/DefaultCatalog.swift (in target 'BrochachoCore' from project 'BrochachoCore')
SwiftCompile normal arm64 /Users/runner/work/brochacho/brochacho/Sources/BrochachoCore/Catalog.swift (in target 'BrochachoCore' from project 'BrochachoCore')
    cd /Users/runner/work/brochacho/brochacho/App/Brochacho.xcodeproj
    

SwiftCompile normal arm64 /Users/runner/work/brochacho/brochacho/Sources/BrochachoCore/CatalogMigration.swift (in target 'BrochachoCore' from project 'BrochachoCore')
    cd /Users/runner/work/brochacho/brochacho/App/Brochacho.xcodeproj
    

SwiftCompile normal arm64 /Users/runner/work/brochacho/brochacho/Sources/BrochachoCore/Config.swift (in target 'BrochachoCore' from project 'BrochachoCore')
    cd /Users/runner/work/brochacho/brochacho/App/Brochacho.xcodeproj
    

SwiftCompile normal arm64 /Users/runner/work/brochacho/brochacho/Sources/BrochachoCore/DefaultCatalog.swift (in target 'BrochachoCore' from project 'BrochachoCore')
    cd /Users/runner/work/brochacho/brochacho/App/Brochacho.xcodeproj
    

PrecompileModule /Users/runner/Library/Developer/Xcode/DerivedData/Brochacho-bophpslfpqpondhathpifwanihyg/Build/Intermediates.noindex/ExplicitPrecompiledModules/Dispatch-CNJQJAOWKCPA01ZYVU1LMXGEO.scan
    cd /Users/runner/work/brochacho/brochacho/App/Brochacho.xcodeproj
    builtin-precompileModule /Users/runner/Library/Developer/Xcode/DerivedData/Brochacho-bophpslfpqpondhathpifwanihyg/Build/Intermediates.noindex/ExplicitPrecompiledModules/Dispatch-CNJQJAOWKCPA01ZYVU1LMXGEO.scan

SwiftDriverJobDiscovery normal arm64 Compiling NSScreen+Extensions.swift, VisualEffectView.swift, NotchContentView.swift (in target 'DynamicNotchKit' from project 'DynamicNotchKit')

SwiftDriver\ Compilation DynamicNotchKit normal arm64 com.apple.xcode.tools.swift.compiler (in target 'DynamicNotchKit' from project 'DynamicNotchKit')
    cd /Users/runner/work/brochacho/brochacho/App/Brochacho.xcodeproj
    builtin-Swift-Compilation -- /Applications/Xcode_16.4.app/Contents/Developer/Toolchains/XcodeDefault.xctoolchain/usr/bin/swiftc -module-name DynamicNotchKit -Onone -enforce-exclusivity\=checked @/Users/runner/Library/Developer/Xcode/DerivedData/Brochacho-bophpslfpqpondhathpifwanihyg/Build/Intermediates.noindex/DynamicNotchKit.build/Debug/DynamicNotchKit.build/Objects-normal/arm64/DynamicNotchKit.SwiftFileList -DSWIFT_PACKAGE -DDEBUG -DXcode -plugin-path /Applications/Xcode_16.4.app/Contents/Developer/Toolchains/XcodeDefault.xctoolchain/usr/lib/swift/host/plugins/testing -enable-experimental-feature DebugDescriptionMacro -sdk /Applications/Xcode_16.4.app/Contents/Developer/Platforms/MacOSX.platform/Developer/SDKs/MacOSX15.5.sdk -target arm64-apple-macos13.0 -g -module-cache-path /Users/runner/Library/Developer/Xcode/DerivedData/ModuleCache.noindex -Xfrontend -serialize-debugging-options -enable-testing -index-store-path /Users/runner/Library/Developer/Xcode/DerivedData/Brochacho-bophpslfpqpondhathpifwanihyg/Index.noindex/DataStore -swift-version 6 -I /Users/runner/Library/Developer/Xcode/DerivedData/Brochacho-bophpslfpqpondhathpifwanihyg/Build/Products/Debug -I /Applications/Xcode_16.4.app/Contents/Developer/Platforms/MacOSX.platform/Developer/usr/lib -F /Users/runner/Library/Developer/Xcode/DerivedData/Brochacho-bophpslfpqpondhathpifwanihyg/Build/Products/Debug -F /Applications/Xcode_16.4.app/Contents/Developer/Platforms/MacOSX.platform/Developer/Library/Frameworks -c -j5 -enable-batch-mode -incremental -Xcc -ivfsstatcache -Xcc /Users/runner/Library/Developer/Xcode/DerivedData/SDKStatCaches.noindex/macosx15.5-24F74-a403186ba963133a54a0e0cacd566b0b.sdkstatcache -output-file-map /Users/runner/Library/Developer/Xcode/DerivedData/Brochacho-bophpslfpqpondhathpifwanihyg/Build/Intermediates.noindex/DynamicNotchKit.build/Debug/DynamicNotchKit.build/Objects-normal/arm64/DynamicNotchKit-OutputFileMap.json -use-frontend-parseable-output -save-temps -no-color-diagnostics -serialize-diagnostics -emit-dependencies -emit-module -emit-module-path /Users/runner/Library/Developer/Xcode/DerivedData/Brochacho-bophpslfpqpondhathpifwanihyg/Build/Intermediates.noindex/DynamicNotchKit.build/Debug/DynamicNotchKit.build/Objects-normal/arm64/DynamicNotchKit.swiftmodule -validate-clang-modules-once -clang-build-session-file /Users/runner/Library/Developer/Xcode/DerivedData/ModuleCache.noindex/Session.modulevalidation -package-name dynamicnotchkit -Xcc -I/Users/runner/Library/Developer/Xcode/DerivedData/Brochacho-bophpslfpqpondhathpifwanihyg/Build/Intermediates.noindex/DynamicNotchKit.build/Debug/DynamicNotchKit.build/swift-overrides.hmap -emit-const-values -Xfrontend -const-gather-protocols-file -Xfrontend /Users/runner/Library/Developer/Xcode/DerivedData/Brochacho-bophpslfpqpondhathpifwanihyg/Build/Intermediates.noindex/DynamicNotchKit.build/Debug/DynamicNotchKit.build/Objects-normal/arm64/DynamicNotchKit_const_extract_protocols.json -Xcc -I/Users/runner/Library/Developer/Xcode/DerivedData/Brochacho-bophpslfpqpondhathpifwanihyg/Build/Products/Debug/include -Xcc -I/Users/runner/Library/Developer/Xcode/DerivedData/Brochacho-bophpslfpqpondhathpifwanihyg/Build/Intermediates.noindex/DynamicNotchKit.build/Debug/DynamicNotchKit.build/DerivedSources-normal/arm64 -Xcc -I/Users/runner/Library/Developer/Xcode/DerivedData/Brochacho-bophpslfpqpondhathpifwanihyg/Build/Intermediates.noindex/DynamicNotchKit.build/Debug/DynamicNotchKit.build/DerivedSources/arm64 -Xcc -I/Users/runner/Library/Developer/Xcode/DerivedData/Brochacho-bophpslfpqpondhathpifwanihyg/Build/Intermediates.noindex/DynamicNotchKit.build/Debug/DynamicNotchKit.build/DerivedSources -Xcc -DSWIFT_PACKAGE -Xcc -DDEBUG\=1 -emit-objc-header -emit-objc-header-path /Users/runner/Library/Developer/Xcode/DerivedData/Brochacho-bophpslfpqpondhathpifwanihyg/Build/Intermediates.noindex/DynamicNotchKit.build/Debug/DynamicNotchKit.build/Objects-normal/arm64/DynamicNotchKit-Swift.h -working-directory /Users/runner/work/brochacho/brochacho/App/Brochacho.xcodeproj -experimental-emit-module-separately -disable-cmo

PrecompileModule /Users/runner/Library/Developer/Xcode/DerivedData/Brochacho-bophpslfpqpondhathpifwanihyg/Build/Intermediates.noindex/ExplicitPrecompiledModules/XPC-EVKR221WQZ1KP81NDJO8VIF02.scan
    cd /Users/runner/work/brochacho/brochacho/App/Brochacho.xcodeproj
    builtin-precompileModule /Users/runner/Library/Developer/Xcode/DerivedData/Brochacho-bophpslfpqpondhathpifwanihyg/Build/Intermediates.noindex/ExplicitPrecompiledModules/XPC-EVKR221WQZ1KP81NDJO8VIF02.scan

PrecompileModule /Users/runner/Library/Developer/Xcode/DerivedData/Brochacho-bophpslfpqpondhathpifwanihyg/Build/Intermediates.noindex/ExplicitPrecompiledModules/CoreFoundation-5QTUNK8JA58JQRMRM65N9AG1X.scan
    cd /Users/runner/work/brochacho/brochacho/App/Brochacho.xcodeproj
    builtin-precompileModule /Users/runner/Library/Developer/Xcode/DerivedData/Brochacho-bophpslfpqpondhathpifwanihyg/Build/Intermediates.noindex/ExplicitPrecompiledModules/CoreFoundation-5QTUNK8JA58JQRMRM65N9AG1X.scan

SwiftCompile normal arm64 Compiling\ ActionPlan.swift,\ Ask.swift,\ Capture.swift,\ CaptureLog.swift /Users/runner/work/brochacho/brochacho/Sources/BrochachoCore/ActionPlan.swift /Users/runner/work/brochacho/brochacho/Sources/BrochachoCore/Ask.swift /Users/runner/work/brochacho/brochacho/Sources/BrochachoCore/Capture.swift /Users/runner/work/brochacho/brochacho/Sources/BrochachoCore/CaptureLog.swift (in target 'BrochachoCore' from project 'BrochachoCore')
SwiftCompile normal arm64 /Users/runner/work/brochacho/brochacho/Sources/BrochachoCore/ActionPlan.swift (in target 'BrochachoCore' from project 'BrochachoCore')
    cd /Users/runner/work/brochacho/brochacho/App/Brochacho.xcodeproj
    

SwiftCompile normal arm64 /Users/runner/work/brochacho/brochacho/Sources/BrochachoCore/Ask.swift (in target 'BrochachoCore' from project 'BrochachoCore')
    cd /Users/runner/work/brochacho/brochacho/App/Brochacho.xcodeproj
    

SwiftCompile normal arm64 /Users/runner/work/brochacho/brochacho/Sources/BrochachoCore/Capture.swift (in target 'BrochachoCore' from project 'BrochachoCore')
    cd /Users/runner/work/brochacho/brochacho/App/Brochacho.xcodeproj
    

SwiftCompile normal arm64 /Users/runner/work/brochacho/brochacho/Sources/BrochachoCore/CaptureLog.swift (in target 'BrochachoCore' from project 'BrochachoCore')
    cd /Users/runner/work/brochacho/brochacho/App/Brochacho.xcodeproj
    

PrecompileModule /Users/runner/Library/Developer/Xcode/DerivedData/Brochacho-bophpslfpqpondhathpifwanihyg/Build/Intermediates.noindex/ExplicitPrecompiledModules/CFNetwork-6EQK38EZBS60O9NVSI9SDMTG9.scan
    cd /Users/runner/work/brochacho/brochacho/App/Brochacho.xcodeproj
    builtin-precompileModule /Users/runner/Library/Developer/Xcode/DerivedData/Brochacho-bophpslfpqpondhathpifwanihyg/Build/Intermediates.noindex/ExplicitPrecompiledModules/CFNetwork-6EQK38EZBS60O9NVSI9SDMTG9.scan

SwiftDriverJobDiscovery normal arm64 Compiling DefaultTunings.swift, Extras.swift, Feedback.swift (in target 'BrochachoCore' from project 'BrochachoCore')

PrecompileModule /Users/runner/Library/Developer/Xcode/DerivedData/Brochacho-bophpslfpqpondhathpifwanihyg/Build/Intermediates.noindex/ExplicitPrecompiledModules/Security-7LSK5OOFN33RRZE29BTS87C8I.scan
    cd /Users/runner/work/brochacho/brochacho/App/Brochacho.xcodeproj
    builtin-precompileModule /Users/runner/Library/Developer/Xcode/DerivedData/Brochacho-bophpslfpqpondhathpifwanihyg/Build/Intermediates.noindex/ExplicitPrecompiledModules/Security-7LSK5OOFN33RRZE29BTS87C8I.scan

SwiftDriverJobDiscovery normal arm64 Compiling Lines.swift, Matcher.swift, Stash.swift (in target 'BrochachoCore' from project 'BrochachoCore')

PrecompileModule /Users/runner/Library/Developer/Xcode/DerivedData/Brochacho-bophpslfpqpondhathpifwanihyg/Build/Intermediates.noindex/ExplicitPrecompiledModules/ColorSync-6NNZIH0Z5KPFHAH43LF32YUWG.scan
    cd /Users/runner/work/brochacho/brochacho/App/Brochacho.xcodeproj
    builtin-precompileModule /Users/runner/Library/Developer/Xcode/DerivedData/Brochacho-bophpslfpqpondhathpifwanihyg/Build/Intermediates.noindex/ExplicitPrecompiledModules/ColorSync-6NNZIH0Z5KPFHAH43LF32YUWG.scan

SwiftDriverJobDiscovery normal arm64 Compiling Stores.swift, TextTools.swift, Tuner.swift (in target 'BrochachoCore' from project 'BrochachoCore')

PrecompileModule /Users/runner/Library/Developer/Xcode/DerivedData/Brochacho-bophpslfpqpondhathpifwanihyg/Build/Intermediates.noindex/ExplicitPrecompiledModules/IOKit-CB0C2RA27JL880NDA3DB02WMX.scan
    cd /Users/runner/work/brochacho/brochacho/App/Brochacho.xcodeproj
    builtin-precompileModule /Users/runner/Library/Developer/Xcode/DerivedData/Brochacho-bophpslfpqpondhathpifwanihyg/Build/Intermediates.noindex/ExplicitPrecompiledModules/IOKit-CB0C2RA27JL880NDA3DB02WMX.scan

Ld /Users/runner/Library/Developer/Xcode/DerivedData/Brochacho-bophpslfpqpondhathpifwanihyg/Build/Products/Debug/HotKey.o normal (in target 'HotKey' from project 'HotKey')
    cd /Users/runner/Library/Developer/Xcode/DerivedData/Brochacho-bophpslfpqpondhathpifwanihyg/SourcePackages/checkouts/HotKey
    /Applications/Xcode_16.4.app/Contents/Developer/Toolchains/XcodeDefault.xctoolchain/usr/bin/clang -Xlinker -reproducible -target arm64-apple-macos10.13 -r -isysroot /Applications/Xcode_16.4.app/Contents/Developer/Platforms/MacOSX.platform/Developer/SDKs/MacOSX15.5.sdk -O0 -w -L/Users/runner/Library/Developer/Xcode/DerivedData/Brochacho-bophpslfpqpondhathpifwanihyg/Build/Intermediates.noindex/EagerLinkingTBDs/Debug -L/Users/runner/Library/Developer/Xcode/DerivedData/Brochacho-bophpslfpqpondhathpifwanihyg/Build/Products/Debug -L/Applications/Xcode_16.4.app/Contents/Developer/Platforms/MacOSX.platform/Developer/usr/lib -F/Users/runner/Library/Developer/Xcode/DerivedData/Brochacho-bophpslfpqpondhathpifwanihyg/Build/Intermediates.noindex/EagerLinkingTBDs/Debug -F/Users/runner/Library/Developer/Xcode/DerivedData/Brochacho-bophpslfpqpondhathpifwanihyg/Build/Products/Debug -iframework /Applications/Xcode_16.4.app/Contents/Developer/Platforms/MacOSX.platform/Developer/Library/Frameworks -filelist /Users/runner/Library/Developer/Xcode/DerivedData/Brochacho-bophpslfpqpondhathpifwanihyg/Build/Intermediates.noindex/HotKey.build/Debug/HotKey.build/Objects-normal/arm64/HotKey.LinkFileList -nostdlib -Xlinker -object_path_lto -Xlinker /Users/runner/Library/Developer/Xcode/DerivedData/Brochacho-bophpslfpqpondhathpifwanihyg/Build/Intermediates.noindex/HotKey.build/Debug/HotKey.build/Objects-normal/arm64/HotKey_lto.o -rdynamic -Xlinker -no_deduplicate -Xlinker -dependency_info -Xlinker /Users/runner/Library/Developer/Xcode/DerivedData/Brochacho-bophpslfpqpondhathpifwanihyg/Build/Intermediates.noindex/HotKey.build/Debug/HotKey.build/Objects-normal/arm64/HotKey_dependency_info.dat -fobjc-link-runtime -L/Applications/Xcode_16.4.app/Contents/Developer/Toolchains/XcodeDefault.xctoolchain/usr/lib/swift/macosx -L/usr/lib/swift -Xlinker -add_ast_path -Xlinker /Users/runner/Library/Developer/Xcode/DerivedData/Brochacho-bophpslfpqpondhathpifwanihyg/Build/Intermediates.noindex/HotKey.build/Debug/HotKey.build/Objects-normal/arm64/HotKey.swiftmodule -o /Users/runner/Library/Developer/Xcode/DerivedData/Brochacho-bophpslfpqpondhathpifwanihyg/Build/Products/Debug/HotKey.o

Ld /Users/runner/Library/Developer/Xcode/DerivedData/Brochacho-bophpslfpqpondhathpifwanihyg/Build/Products/Debug/DynamicNotchKit.o normal (in target 'DynamicNotchKit' from project 'DynamicNotchKit')
    cd /Users/runner/work/brochacho/brochacho/App/Vendor/DynamicNotchKit
    /Applications/Xcode_16.4.app/Contents/Developer/Toolchains/XcodeDefault.xctoolchain/usr/bin/clang -Xlinker -reproducible -target arm64-apple-macos13.0 -r -isysroot /Applications/Xcode_16.4.app/Contents/Developer/Platforms/MacOSX.platform/Developer/SDKs/MacOSX15.5.sdk -O0 -L/Users/runner/Library/Developer/Xcode/DerivedData/Brochacho-bophpslfpqpondhathpifwanihyg/Build/Intermediates.noindex/EagerLinkingTBDs/Debug -L/Users/runner/Library/Developer/Xcode/DerivedData/Brochacho-bophpslfpqpondhathpifwanihyg/Build/Products/Debug -L/Applications/Xcode_16.4.app/Contents/Developer/Platforms/MacOSX.platform/Developer/usr/lib -F/Users/runner/Library/Developer/Xcode/DerivedData/Brochacho-bophpslfpqpondhathpifwanihyg/Build/Intermediates.noindex/EagerLinkingTBDs/Debug -F/Users/runner/Library/Developer/Xcode/DerivedData/Brochacho-bophpslfpqpondhathpifwanihyg/Build/Products/Debug -iframework /Applications/Xcode_16.4.app/Contents/Developer/Platforms/MacOSX.platform/Developer/Library/Frameworks -filelist /Users/runner/Library/Developer/Xcode/DerivedData/Brochacho-bophpslfpqpondhathpifwanihyg/Build/Intermediates.noindex/DynamicNotchKit.build/Debug/DynamicNotchKit.build/Objects-normal/arm64/DynamicNotchKit.LinkFileList -nostdlib -Xlinker -object_path_lto -Xlinker /Users/runner/Library/Developer/Xcode/DerivedData/Brochacho-bophpslfpqpondhathpifwanihyg/Build/Intermediates.noindex/DynamicNotchKit.build/Debug/DynamicNotchKit.build/Objects-normal/arm64/DynamicNotchKit_lto.o -rdynamic -Xlinker -no_deduplicate -Xlinker -dependency_info -Xlinker /Users/runner/Library/Developer/Xcode/DerivedData/Brochacho-bophpslfpqpondhathpifwanihyg/Build/Intermediates.noindex/DynamicNotchKit.build/Debug/DynamicNotchKit.build/Objects-normal/arm64/DynamicNotchKit_dependency_info.dat -fobjc-link-runtime -L/Applications/Xcode_16.4.app/Contents/Developer/Toolchains/XcodeDefault.xctoolchain/usr/lib/swift/macosx -L/usr/lib/swift -Xlinker -add_ast_path -Xlinker /Users/runner/Library/Developer/Xcode/DerivedData/Brochacho-bophpslfpqpondhathpifwanihyg/Build/Intermediates.noindex/DynamicNotchKit.build/Debug/DynamicNotchKit.build/Objects-normal/arm64/DynamicNotchKit.swiftmodule -o /Users/runner/Library/Developer/Xcode/DerivedData/Brochacho-bophpslfpqpondhathpifwanihyg/Build/Products/Debug/DynamicNotchKit.o

SwiftDriverJobDiscovery normal arm64 Compiling Catalog.swift, CatalogMigration.swift, Config.swift, DefaultCatalog.swift (in target 'BrochachoCore' from project 'BrochachoCore')

ExtractAppIntentsMetadata (in target 'HotKey' from project 'HotKey')
    cd /Users/runner/Library/Developer/Xcode/DerivedData/Brochacho-bophpslfpqpondhathpifwanihyg/SourcePackages/checkouts/HotKey
    /Applications/Xcode_16.4.app/Contents/Developer/Toolchains/XcodeDefault.xctoolchain/usr/bin/appintentsmetadataprocessor --toolchain-dir /Applications/Xcode_16.4.app/Contents/Developer/Toolchains/XcodeDefault.xctoolchain --module-name HotKey --sdk-root /Applications/Xcode_16.4.app/Contents/Developer/Platforms/MacOSX.platform/Developer/SDKs/MacOSX15.5.sdk --xcode-version 16F6 --platform-family macOS --deployment-target 10.13 --bundle-identifier hotkey.HotKey --output /Users/runner/Library/Developer/Xcode/DerivedData/Brochacho-bophpslfpqpondhathpifwanihyg/Build/Products/Debug/HotKey.appintents --target-triple arm64-apple-macos10.13 --binary-file /Users/runner/Library/Developer/Xcode/DerivedData/Brochacho-bophpslfpqpondhathpifwanihyg/Build/Products/Debug/HotKey.o --dependency-file /Users/runner/Library/Developer/Xcode/DerivedData/Brochacho-bophpslfpqpondhathpifwanihyg/Build/Intermediates.noindex/HotKey.build/Debug/HotKey.build/Objects-normal/arm64/HotKey_dependency_info.dat --stringsdata-file /Users/runner/Library/Developer/Xcode/DerivedData/Brochacho-bophpslfpqpondhathpifwanihyg/Build/Intermediates.noindex/HotKey.build/Debug/HotKey.build/Objects-normal/arm64/ExtractedAppShortcutsMetadata.stringsdata --source-file-list /Users/runner/Library/Developer/Xcode/DerivedData/Brochacho-bophpslfpqpondhathpifwanihyg/Build/Intermediates.noindex/HotKey.build/Debug/HotKey.build/Objects-normal/arm64/HotKey.SwiftFileList --metadata-file-list /Users/runner/Library/Developer/Xcode/DerivedData/Brochacho-bophpslfpqpondhathpifwanihyg/Build/Intermediates.noindex/HotKey.build/Debug/HotKey.build/HotKey.DependencyMetadataFileList --static-metadata-file-list /Users/runner/Library/Developer/Xcode/DerivedData/Brochacho-bophpslfpqpondhathpifwanihyg/Build/Intermediates.noindex/HotKey.build/Debug/HotKey.build/HotKey.DependencyStaticMetadataFileList --swift-const-vals-list /Users/runner/Library/Developer/Xcode/DerivedData/Brochacho-bophpslfpqpondhathpifwanihyg/Build/Intermediates.noindex/HotKey.build/Debug/HotKey.build/Objects-normal/arm64/HotKey.SwiftConstValuesFileList --force --compile-time-extraction --deployment-aware-processing --validate-assistant-intents --no-app-shortcuts-localization
2026-09-30 16:29:13.593 appintentsmetadataprocessor[7383:28064] Starting appintentsmetadataprocessor export
2026-09-30 16:29:13.630 appintentsmetadataprocessor[7383:28064] Extracted no relevant App Intents symbols, skipping writing output

SwiftDriver Brochacho normal arm64 com.apple.xcode.tools.swift.compiler (in target 'Brochacho' from project 'Brochacho')
    cd /Users/runner/work/brochacho/brochacho/App
    builtin-SwiftDriver -- /Applications/Xcode_16.4.app/Contents/Developer/Toolchains/XcodeDefault.xctoolchain/usr/bin/swiftc -module-name Brochacho -Onone -enforce-exclusivity\=checked @/Users/runner/Library/Developer/Xcode/DerivedData/Brochacho-bophpslfpqpondhathpifwanihyg/Build/Intermediates.noindex/Brochacho.build/Debug/Brochacho.build/Objects-normal/arm64/Brochacho.SwiftFileList -DDEBUG -Xcc -fmodule-map-file\=/Users/runner/Library/Developer/Xcode/DerivedData/Brochacho-bophpslfpqpondhathpifwanihyg/Build/Intermediates.noindex/GeneratedModuleMaps/RotationBridge.modulemap -enable-bare-slash-regex -enable-experimental-feature DebugDescriptionMacro -sdk /Applications/Xcode_16.4.app/Contents/Developer/Platforms/MacOSX.platform/Developer/SDKs/MacOSX15.5.sdk -target arm64-apple-macos13.0 -g -module-cache-path /Users/runner/Library/Developer/Xcode/DerivedData/ModuleCache.noindex -Xfrontend -serialize-debugging-options -enable-testing -index-store-path /Users/runner/Library/Developer/Xcode/DerivedData/Brochacho-bophpslfpqpondhathpifwanihyg/Index.noindex/DataStore -swift-version 5 -I /Users/runner/Library/Developer/Xcode/DerivedData/Brochacho-bophpslfpqpondhathpifwanihyg/Build/Products/Debug -F /Users/runner/Library/Developer/Xcode/DerivedData/Brochacho-bophpslfpqpondhathpifwanihyg/Build/Products/Debug/PackageFrameworks -F /Users/runner/Library/Developer/Xcode/DerivedData/Brochacho-bophpslfpqpondhathpifwanihyg/Build/Products/Debug/PackageFrameworks -F /Users/runner/Library/Developer/Xcode/DerivedData/Brochacho-bophpslfpqpondhathpifwanihyg/Build/Products/Debug/PackageFrameworks -F /Users/runner/Library/Developer/Xcode/DerivedData/Brochacho-bophpslfpqpondhathpifwanihyg/Build/Products/Debug/PackageFrameworks -F /Users/runner/Library/Developer/Xcode/DerivedData/Brochacho-bophpslfpqpondhathpifwanihyg/Build/Products/Debug -c -j5 -enable-batch-mode -incremental -Xcc -ivfsstatcache -Xcc /Users/runner/Library/Developer/Xcode/DerivedData/SDKStatCaches.noindex/macosx15.5-24F74-a403186ba963133a54a0e0cacd566b0b.sdkstatcache -output-file-map /Users/runner/Library/Developer/Xcode/DerivedData/Brochacho-bophpslfpqpondhathpifwanihyg/Build/Intermediates.noindex/Brochacho.build/Debug/Brochacho.build/Objects-normal/arm64/Brochacho-OutputFileMap.json -use-frontend-parseable-output -save-temps -no-color-diagnostics -serialize-diagnostics -emit-dependencies -emit-module -emit-module-path /Users/runner/Library/Developer/Xcode/DerivedData/Brochacho-bophpslfpqpondhathpifwanihyg/Build/Intermediates.noindex/Brochacho.build/Debug/Brochacho.build/Objects-normal/arm64/Brochacho.swiftmodule -validate-clang-modules-once -clang-build-session-file /Users/runner/Library/Developer/Xcode/DerivedData/ModuleCache.noindex/Session.modulevalidation -Xcc -I/Users/runner/Library/Developer/Xcode/DerivedData/Brochacho-bophpslfpqpondhathpifwanihyg/Build/Intermediates.noindex/Brochacho.build/Debug/Brochacho.build/swift-overrides.hmap -emit-const-values -Xfrontend -const-gather-protocols-file -Xfrontend /Users/runner/Library/Developer/Xcode/DerivedData/Brochacho-bophpslfpqpondhathpifwanihyg/Build/Intermediates.noindex/Brochacho.build/Debug/Brochacho.build/Objects-normal/arm64/Brochacho_const_extract_protocols.json -Xcc -iquote -Xcc /Users/runner/Library/Developer/Xcode/DerivedData/Brochacho-bophpslfpqpondhathpifwanihyg/Build/Intermediates.noindex/Brochacho.build/Debug/Brochacho.build/Brochacho-generated-files.hmap -Xcc -I/Users/runner/Library/Developer/Xcode/DerivedData/Brochacho-bophpslfpqpondhathpifwanihyg/Build/Intermediates.noindex/Brochacho.build/Debug/Brochacho.build/Brochacho-own-target-headers.hmap -Xcc -I/Users/runner/Library/Developer/Xcode/DerivedData/Brochacho-bophpslfpqpondhathpifwanihyg/Build/Intermediates.noindex/Brochacho.build/Debug/Brochacho.build/Brochacho-all-non-framework-target-headers.hmap -Xcc -ivfsoverlay -Xcc /Users/runner/Library/Developer/Xcode/DerivedData/Brochacho-bophpslfpqpondhathpifwanihyg/Build/Intermediates.noindex/Brochacho.build/Debug/Brochacho-880db3ac4f0a34a3b921b39387e7cd23-VFS/all-product-headers.yaml -Xcc -iquote -Xcc /Users/runner/Library/Developer/Xcode/DerivedData/Brochacho-bophpslfpqpondhathpifwanihyg/Build/Intermediates.noindex/Brochacho.build/Debug/Brochacho.build/Brochacho-project-headers.hmap -Xcc -I/Users/runner/work/brochacho/brochacho/App/RotationBridge/Sources/RotationBridge/include -Xcc -I/Users/runner/Library/Developer/Xcode/DerivedData/Brochacho-bophpslfpqpondhathpifwanihyg/Build/Products/Debug/include -Xcc -I/Users/runner/Library/Developer/Xcode/DerivedData/Brochacho-bophpslfpqpondhathpifwanihyg/Build/Intermediates.noindex/Brochacho.build/Debug/Brochacho.build/DerivedSources-normal/arm64 -Xcc -I/Users/runner/Library/Developer/Xcode/DerivedData/Brochacho-bophpslfpqpondhathpifwanihyg/Build/Intermediates.noindex/Brochacho.build/Debug/Brochacho.build/DerivedSources/arm64 -Xcc -I/Users/runner/Library/Developer/Xcode/DerivedData/Brochacho-bophpslfpqpondhathpifwanihyg/Build/Intermediates.noindex/Brochacho.build/Debug/Brochacho.build/DerivedSources -Xcc -DDEBUG\=1 -emit-objc-header -emit-objc-header-path /Users/runner/Library/Developer/Xcode/DerivedData/Brochacho-bophpslfpqpondhathpifwanihyg/Build/Intermediates.noindex/Brochacho.build/Debug/Brochacho.build/Objects-normal/arm64/Brochacho-Swift.h -working-directory /Users/runner/work/brochacho/brochacho/App -experimental-emit-module-separately -disable-cmo

ExtractAppIntentsMetadata (in target 'DynamicNotchKit' from project 'DynamicNotchKit')
    cd /Users/runner/work/brochacho/brochacho/App/Vendor/DynamicNotchKit
    /Applications/Xcode_16.4.app/Contents/Developer/Toolchains/XcodeDefault.xctoolchain/usr/bin/appintentsmetadataprocessor --toolchain-dir /Applications/Xcode_16.4.app/Contents/Developer/Toolchains/XcodeDefault.xctoolchain --module-name DynamicNotchKit --sdk-root /Applications/Xcode_16.4.app/Contents/Developer/Platforms/MacOSX.platform/Developer/SDKs/MacOSX15.5.sdk --xcode-version 16F6 --platform-family macOS --deployment-target 13.0 --bundle-identifier dynamicnotchkit.DynamicNotchKit --output /Users/runner/Library/Developer/Xcode/DerivedData/Brochacho-bophpslfpqpondhathpifwanihyg/Build/Products/Debug/DynamicNotchKit.appintents --target-triple arm64-apple-macos13.0 --binary-file /Users/runner/Library/Developer/Xcode/DerivedData/Brochacho-bophpslfpqpondhathpifwanihyg/Build/Products/Debug/DynamicNotchKit.o --dependency-file /Users/runner/Library/Developer/Xcode/DerivedData/Brochacho-bophpslfpqpondhathpifwanihyg/Build/Intermediates.noindex/DynamicNotchKit.build/Debug/DynamicNotchKit.build/Objects-normal/arm64/DynamicNotchKit_dependency_info.dat --stringsdata-file /Users/runner/Library/Developer/Xcode/DerivedData/Brochacho-bophpslfpqpondhathpifwanihyg/Build/Intermediates.noindex/DynamicNotchKit.build/Debug/DynamicNotchKit.build/Objects-normal/arm64/ExtractedAppShortcutsMetadata.stringsdata --source-file-list /Users/runner/Library/Developer/Xcode/DerivedData/Brochacho-bophpslfpqpondhathpifwanihyg/Build/Intermediates.noindex/DynamicNotchKit.build/Debug/DynamicNotchKit.build/Objects-normal/arm64/DynamicNotchKit.SwiftFileList --metadata-file-list /Users/runner/Library/Developer/Xcode/DerivedData/Brochacho-bophpslfpqpondhathpifwanihyg/Build/Intermediates.noindex/DynamicNotchKit.build/Debug/DynamicNotchKit.build/DynamicNotchKit.DependencyMetadataFileList --static-metadata-file-list /Users/runner/Library/Developer/Xcode/DerivedData/Brochacho-bophpslfpqpondhathpifwanihyg/Build/Intermediates.noindex/DynamicNotchKit.build/Debug/DynamicNotchKit.build/DynamicNotchKit.DependencyStaticMetadataFileList --swift-const-vals-list /Users/runner/Library/Developer/Xcode/DerivedData/Brochacho-bophpslfpqpondhathpifwanihyg/Build/Intermediates.noindex/DynamicNotchKit.build/Debug/DynamicNotchKit.build/Objects-normal/arm64/DynamicNotchKit.SwiftConstValuesFileList --force --compile-time-extraction --deployment-aware-processing --validate-assistant-intents --no-app-shortcuts-localization
2026-09-30 16:29:13.593 appintentsmetadataprocessor[7385:28071] Starting appintentsmetadataprocessor export
2026-09-30 16:29:13.630 appintentsmetadataprocessor[7385:28071] Extracted no relevant App Intents symbols, skipping writing output

SwiftEmitModule normal arm64 Emitting\ module\ for\ Brochacho (in target 'Brochacho' from project 'Brochacho')
EmitSwiftModule normal arm64 (in target 'Brochacho' from project 'Brochacho')
    cd /Users/runner/work/brochacho/brochacho/App
    

SwiftCompile normal arm64 Compiling\ TabGrabber.swift,\ Theme.swift,\ TimerScreen.swift,\ TunerScreen.swift,\ TutorialWindow.swift /Users/runner/work/brochacho/brochacho/App/Brochacho/TabGrabber.swift /Users/runner/work/brochacho/brochacho/App/Brochacho/Theme.swift /Users/runner/work/brochacho/brochacho/App/Brochacho/Views/TimerScreen.swift /Users/runner/work/brochacho/brochacho/App/Brochacho/Views/TunerScreen.swift /Users/runner/work/brochacho/brochacho/App/Brochacho/TutorialWindow.swift (in target 'Brochacho' from project 'Brochacho')
SwiftCompile normal arm64 /Users/runner/work/brochacho/brochacho/App/Brochacho/TabGrabber.swift (in target 'Brochacho' from project 'Brochacho')
    cd /Users/runner/work/brochacho/brochacho/App
    

SwiftCompile normal arm64 /Users/runner/work/brochacho/brochacho/App/Brochacho/Theme.swift (in target 'Brochacho' from project 'Brochacho')
    cd /Users/runner/work/brochacho/brochacho/App
    

SwiftCompile normal arm64 /Users/runner/work/brochacho/brochacho/App/Brochacho/Views/TimerScreen.swift (in target 'Brochacho' from project 'Brochacho')
    cd /Users/runner/work/brochacho/brochacho/App
    

SwiftCompile normal arm64 /Users/runner/work/brochacho/brochacho/App/Brochacho/Views/TunerScreen.swift (in target 'Brochacho' from project 'Brochacho')
    cd /Users/runner/work/brochacho/brochacho/App
    

SwiftCompile normal arm64 /Users/runner/work/brochacho/brochacho/App/Brochacho/TutorialWindow.swift (in target 'Brochacho' from project 'Brochacho')
    cd /Users/runner/work/brochacho/brochacho/App
    

PrecompileModule /Users/runner/Library/Developer/Xcode/DerivedData/Brochacho-bophpslfpqpondhathpifwanihyg/Build/Intermediates.noindex/ExplicitPrecompiledModules/CoreGraphics-8UN5OH1XXPNITTC7DNLFFHIMI.scan
    cd /Users/runner/work/brochacho/brochacho/App/Brochacho.xcodeproj
    builtin-precompileModule /Users/runner/Library/Developer/Xcode/DerivedData/Brochacho-bophpslfpqpondhathpifwanihyg/Build/Intermediates.noindex/ExplicitPrecompiledModules/CoreGraphics-8UN5OH1XXPNITTC7DNLFFHIMI.scan

PrecompileModule /Users/runner/Library/Developer/Xcode/DerivedData/Brochacho-bophpslfpqpondhathpifwanihyg/Build/Intermediates.noindex/ExplicitPrecompiledModules/DiskArbitration-CORG4B9VDUTGS75ON4TENQGR3.scan
    cd /Users/runner/work/brochacho/brochacho/App/Brochacho.xcodeproj
    builtin-precompileModule /Users/runner/Library/Developer/Xcode/DerivedData/Brochacho-bophpslfpqpondhathpifwanihyg/Build/Intermediates.noindex/ExplicitPrecompiledModules/DiskArbitration-CORG4B9VDUTGS75ON4TENQGR3.scan

SwiftCompile normal arm64 Compiling\ Ears.swift,\ GlanceScreen.swift,\ HotkeyCenter.swift,\ InputScreen.swift,\ LineScreen.swift /Users/runner/work/brochacho/brochacho/App/Brochacho/Ears.swift /Users/runner/work/brochacho/brochacho/App/Brochacho/Views/GlanceScreen.swift /Users/runner/work/brochacho/brochacho/App/Brochacho/HotkeyCenter.swift /Users/runner/work/brochacho/brochacho/App/Brochacho/Views/InputScreen.swift /Users/runner/work/brochacho/brochacho/App/Brochacho/Views/LineScreen.swift (in target 'Brochacho' from project 'Brochacho')
SwiftCompile normal arm64 /Users/runner/work/brochacho/brochacho/App/Brochacho/Ears.swift (in target 'Brochacho' from project 'Brochacho')
    cd /Users/runner/work/brochacho/brochacho/App
    

SwiftCompile normal arm64 /Users/runner/work/brochacho/brochacho/App/Brochacho/Views/GlanceScreen.swift (in target 'Brochacho' from project 'Brochacho')
    cd /Users/runner/work/brochacho/brochacho/App
    

SwiftCompile normal arm64 /Users/runner/work/brochacho/brochacho/App/Brochacho/HotkeyCenter.swift (in target 'Brochacho' from project 'Brochacho')
    cd /Users/runner/work/brochacho/brochacho/App
    

SwiftCompile normal arm64 /Users/runner/work/brochacho/brochacho/App/Brochacho/Views/InputScreen.swift (in target 'Brochacho' from project 'Brochacho')
    cd /Users/runner/work/brochacho/brochacho/App
    

SwiftCompile normal arm64 /Users/runner/work/brochacho/brochacho/App/Brochacho/Views/LineScreen.swift (in target 'Brochacho' from project 'Brochacho')
    cd /Users/runner/work/brochacho/brochacho/App
    

PrecompileModule /Users/runner/Library/Developer/Xcode/DerivedData/Brochacho-bophpslfpqpondhathpifwanihyg/Build/Intermediates.noindex/ExplicitPrecompiledModules/CoreServices-BHMXSZM5N5P8E67QRA93OWLBG.scan
    cd /Users/runner/work/brochacho/brochacho/App/Brochacho.xcodeproj
    builtin-precompileModule /Users/runner/Library/Developer/Xcode/DerivedData/Brochacho-bophpslfpqpondhathpifwanihyg/Build/Intermediates.noindex/ExplicitPrecompiledModules/CoreServices-BHMXSZM5N5P8E67QRA93OWLBG.scan

PrecompileModule /Users/runner/Library/Developer/Xcode/DerivedData/Brochacho-bophpslfpqpondhathpifwanihyg/Build/Intermediates.noindex/ExplicitPrecompiledModules/ImageIO-1BYL9X4MCXXY69FEL2T77I8MN.scan
    cd /Users/runner/work/brochacho/brochacho/App/Brochacho.xcodeproj
    builtin-precompileModule /Users/runner/Library/Developer/Xcode/DerivedData/Brochacho-bophpslfpqpondhathpifwanihyg/Build/Intermediates.noindex/ExplicitPrecompiledModules/ImageIO-1BYL9X4MCXXY69FEL2T77I8MN.scan

PrecompileModule /Users/runner/Library/Developer/Xcode/DerivedData/Brochacho-bophpslfpqpondhathpifwanihyg/Build/Intermediates.noindex/ExplicitPrecompiledModules/Foundation-DYRNHIYL168K813SJCYRHXJSK.scan
    cd /Users/runner/work/brochacho/brochacho/App/Brochacho.xcodeproj
    builtin-precompileModule /Users/runner/Library/Developer/Xcode/DerivedData/Brochacho-bophpslfpqpondhathpifwanihyg/Build/Intermediates.noindex/ExplicitPrecompiledModules/Foundation-DYRNHIYL168K813SJCYRHXJSK.scan

PrecompileModule /Users/runner/Library/Developer/Xcode/DerivedData/Brochacho-bophpslfpqpondhathpifwanihyg/Build/Intermediates.noindex/ExplicitPrecompiledModules/CoreText-1K2R31ZLTJZ6E7PCNDNC241JT.scan
    cd /Users/runner/work/brochacho/brochacho/App/Brochacho.xcodeproj
    builtin-precompileModule /Users/runner/Library/Developer/Xcode/DerivedData/Brochacho-bophpslfpqpondhathpifwanihyg/Build/Intermediates.noindex/ExplicitPrecompiledModules/CoreText-1K2R31ZLTJZ6E7PCNDNC241JT.scan

SwiftDriverJobDiscovery normal arm64 Compiling ActionPlan.swift, Ask.swift, Capture.swift, CaptureLog.swift (in target 'BrochachoCore' from project 'BrochachoCore')

SwiftDriver\ Compilation BrochachoCore normal arm64 com.apple.xcode.tools.swift.compiler (in target 'BrochachoCore' from project 'BrochachoCore')
    cd /Users/runner/work/brochacho/brochacho/App/Brochacho.xcodeproj
    builtin-Swift-Compilation -- /Applications/Xcode_16.4.app/Contents/Developer/Toolchains/XcodeDefault.xctoolchain/usr/bin/swiftc -module-name BrochachoCore -Onone -enforce-exclusivity\=checked @/Users/runner/Library/Developer/Xcode/DerivedData/Brochacho-bophpslfpqpondhathpifwanihyg/Build/Intermediates.noindex/BrochachoCore.build/Debug/BrochachoCore.build/Objects-normal/arm64/BrochachoCore.SwiftFileList -DSWIFT_PACKAGE -DDEBUG -DXcode -plugin-path /Applications/Xcode_16.4.app/Contents/Developer/Toolchains/XcodeDefault.xctoolchain/usr/lib/swift/host/plugins/testing -enable-experimental-feature DebugDescriptionMacro -sdk /Applications/Xcode_16.4.app/Contents/Developer/Platforms/MacOSX.platform/Developer/SDKs/MacOSX15.5.sdk -target arm64-apple-macos13.0 -g -module-cache-path /Users/runner/Library/Developer/Xcode/DerivedData/ModuleCache.noindex -Xfrontend -serialize-debugging-options -enable-testing -index-store-path /Users/runner/Library/Developer/Xcode/DerivedData/Brochacho-bophpslfpqpondhathpifwanihyg/Index.noindex/DataStore -swift-version 5 -I /Users/runner/Library/Developer/Xcode/DerivedData/Brochacho-bophpslfpqpondhathpifwanihyg/Build/Products/Debug -I /Applications/Xcode_16.4.app/Contents/Developer/Platforms/MacOSX.platform/Developer/usr/lib -F /Users/runner/Library/Developer/Xcode/DerivedData/Brochacho-bophpslfpqpondhathpifwanihyg/Build/Products/Debug -F /Applications/Xcode_16.4.app/Contents/Developer/Platforms/MacOSX.platform/Developer/Library/Frameworks -c -j5 -enable-batch-mode -incremental -Xcc -ivfsstatcache -Xcc /Users/runner/Library/Developer/Xcode/DerivedData/SDKStatCaches.noindex/macosx15.5-24F74-a403186ba963133a54a0e0cacd566b0b.sdkstatcache -output-file-map /Users/runner/Library/Developer/Xcode/DerivedData/Brochacho-bophpslfpqpondhathpifwanihyg/Build/Intermediates.noindex/BrochachoCore.build/Debug/BrochachoCore.build/Objects-normal/arm64/BrochachoCore-OutputFileMap.json -use-frontend-parseable-output -save-temps -no-color-diagnostics -serialize-diagnostics -emit-dependencies -emit-module -emit-module-path /Users/runner/Library/Developer/Xcode/DerivedData/Brochacho-bophpslfpqpondhathpifwanihyg/Build/Intermediates.noindex/BrochachoCore.build/Debug/BrochachoCore.build/Objects-normal/arm64/BrochachoCore.swiftmodule -validate-clang-modules-once -clang-build-session-file /Users/runner/Library/Developer/Xcode/DerivedData/ModuleCache.noindex/Session.modulevalidation -package-name brochacho -Xcc -I/Users/runner/Library/Developer/Xcode/DerivedData/Brochacho-bophpslfpqpondhathpifwanihyg/Build/Intermediates.noindex/BrochachoCore.build/Debug/BrochachoCore.build/swift-overrides.hmap -emit-const-values -Xfrontend -const-gather-protocols-file -Xfrontend /Users/runner/Library/Developer/Xcode/DerivedData/Brochacho-bophpslfpqpondhathpifwanihyg/Build/Intermediates.noindex/BrochachoCore.build/Debug/BrochachoCore.build/Objects-normal/arm64/BrochachoCore_const_extract_protocols.json -Xcc -I/Users/runner/Library/Developer/Xcode/DerivedData/Brochacho-bophpslfpqpondhathpifwanihyg/Build/Products/Debug/include -Xcc -I/Users/runner/Library/Developer/Xcode/DerivedData/Brochacho-bophpslfpqpondhathpifwanihyg/Build/Intermediates.noindex/BrochachoCore.build/Debug/BrochachoCore.build/DerivedSources-normal/arm64 -Xcc -I/Users/runner/Library/Developer/Xcode/DerivedData/Brochacho-bophpslfpqpondhathpifwanihyg/Build/Intermediates.noindex/BrochachoCore.build/Debug/BrochachoCore.build/DerivedSources/arm64 -Xcc -I/Users/runner/Library/Developer/Xcode/DerivedData/Brochacho-bophpslfpqpondhathpifwanihyg/Build/Intermediates.noindex/BrochachoCore.build/Debug/BrochachoCore.build/DerivedSources -Xcc -DSWIFT_PACKAGE -Xcc -DDEBUG\=1 -emit-objc-header -emit-objc-header-path /Users/runner/Library/Developer/Xcode/DerivedData/Brochacho-bophpslfpqpondhathpifwanihyg/Build/Intermediates.noindex/BrochachoCore.build/Debug/BrochachoCore.build/Objects-normal/arm64/BrochachoCore-Swift.h -working-directory /Users/runner/work/brochacho/brochacho/App/Brochacho.xcodeproj -experimental-emit-module-separately -disable-cmo

SwiftCompile normal arm64 Compiling\ AnswerScreen.swift,\ AppIndex.swift,\ AskClient.swift,\ Brain.swift,\ BrochachoApp.swift,\ CaptureWriter.swift /Users/runner/work/brochacho/brochacho/App/Brochacho/Views/AnswerScreen.swift /Users/runner/work/brochacho/brochacho/App/Brochacho/AppIndex.swift /Users/runner/work/brochacho/brochacho/App/Brochacho/AskClient.swift /Users/runner/work/brochacho/brochacho/App/Brochacho/Brain.swift /Users/runner/work/brochacho/brochacho/App/Brochacho/BrochachoApp.swift /Users/runner/work/brochacho/brochacho/App/Brochacho/CaptureWriter.swift (in target 'Brochacho' from project 'Brochacho')

SwiftCompile normal arm64 /Users/runner/work/brochacho/brochacho/App/Brochacho/Views/AnswerScreen.swift (in target 'Brochacho' from project 'Brochacho')
    cd /Users/runner/work/brochacho/brochacho/App
    

SwiftCompile normal arm64 /Users/runner/work/brochacho/brochacho/App/Brochacho/AppIndex.swift (in target 'Brochacho' from project 'Brochacho')
    cd /Users/runner/work/brochacho/brochacho/App
    

SwiftCompile normal arm64 /Users/runner/work/brochacho/brochacho/App/Brochacho/AskClient.swift (in target 'Brochacho' from project 'Brochacho')
    cd /Users/runner/work/brochacho/brochacho/App
    

SwiftCompile normal arm64 /Users/runner/work/brochacho/brochacho/App/Brochacho/Brain.swift (in target 'Brochacho' from project 'Brochacho')
    cd /Users/runner/work/brochacho/brochacho/App
    

SwiftCompile normal arm64 /Users/runner/work/brochacho/brochacho/App/Brochacho/BrochachoApp.swift (in target 'Brochacho' from project 'Brochacho')
    cd /Users/runner/work/brochacho/brochacho/App
    

SwiftCompile normal arm64 /Users/runner/work/brochacho/brochacho/App/Brochacho/CaptureWriter.swift (in target 'Brochacho' from project 'Brochacho')
    cd /Users/runner/work/brochacho/brochacho/App
    

Ld /Users/runner/Library/Developer/Xcode/DerivedData/Brochacho-bophpslfpqpondhathpifwanihyg/Build/Products/Debug/BrochachoCore.o normal (in target 'BrochachoCore' from project 'BrochachoCore')
    cd /Users/runner/work/brochacho/brochacho
    /Applications/Xcode_16.4.app/Contents/Developer/Toolchains/XcodeDefault.xctoolchain/usr/bin/clang -Xlinker -reproducible -target arm64-apple-macos13.0 -r -isysroot /Applications/Xcode_16.4.app/Contents/Developer/Platforms/MacOSX.platform/Developer/SDKs/MacOSX15.5.sdk -O0 -L/Users/runner/Library/Developer/Xcode/DerivedData/Brochacho-bophpslfpqpondhathpifwanihyg/Build/Intermediates.noindex/EagerLinkingTBDs/Debug -L/Users/runner/Library/Developer/Xcode/DerivedData/Brochacho-bophpslfpqpondhathpifwanihyg/Build/Products/Debug -L/Applications/Xcode_16.4.app/Contents/Developer/Platforms/MacOSX.platform/Developer/usr/lib -F/Users/runner/Library/Developer/Xcode/DerivedData/Brochacho-bophpslfpqpondhathpifwanihyg/Build/Intermediates.noindex/EagerLinkingTBDs/Debug -F/Users/runner/Library/Developer/Xcode/DerivedData/Brochacho-bophpslfpqpondhathpifwanihyg/Build/Products/Debug -iframework /Applications/Xcode_16.4.app/Contents/Developer/Platforms/MacOSX.platform/Developer/Library/Frameworks -filelist /Users/runner/Library/Developer/Xcode/DerivedData/Brochacho-bophpslfpqpondhathpifwanihyg/Build/Intermediates.noindex/BrochachoCore.build/Debug/BrochachoCore.build/Objects-normal/arm64/BrochachoCore.LinkFileList -nostdlib -Xlinker -object_path_lto -Xlinker /Users/runner/Library/Developer/Xcode/DerivedData/Brochacho-bophpslfpqpondhathpifwanihyg/Build/Intermediates.noindex/BrochachoCore.build/Debug/BrochachoCore.build/Objects-normal/arm64/BrochachoCore_lto.o -rdynamic -Xlinker -no_deduplicate -Xlinker -dependency_info -Xlinker /Users/runner/Library/Developer/Xcode/DerivedData/Brochacho-bophpslfpqpondhathpifwanihyg/Build/Intermediates.noindex/BrochachoCore.build/Debug/BrochachoCore.build/Objects-normal/arm64/BrochachoCore_dependency_info.dat -fobjc-link-runtime -L/Applications/Xcode_16.4.app/Contents/Developer/Toolchains/XcodeDefault.xctoolchain/usr/lib/swift/macosx -L/usr/lib/swift -Xlinker -add_ast_path -Xlinker /Users/runner/Library/Developer/Xcode/DerivedData/Brochacho-bophpslfpqpondhathpifwanihyg/Build/Intermediates.noindex/BrochachoCore.build/Debug/BrochachoCore.build/Objects-normal/arm64/BrochachoCore.swiftmodule -o /Users/runner/Library/Developer/Xcode/DerivedData/Brochacho-bophpslfpqpondhathpifwanihyg/Build/Products/Debug/BrochachoCore.o

PrecompileModule /Users/runner/Library/Developer/Xcode/DerivedData/Brochacho-bophpslfpqpondhathpifwanihyg/Build/Intermediates.noindex/ExplicitPrecompiledModules/ApplicationServices-7AIO2PKOVRCA2O78FA1L0Q70B.scan
    cd /Users/runner/work/brochacho/brochacho/App/Brochacho.xcodeproj
    builtin-precompileModule /Users/runner/Library/Developer/Xcode/DerivedData/Brochacho-bophpslfpqpondhathpifwanihyg/Build/Intermediates.noindex/ExplicitPrecompiledModules/ApplicationServices-7AIO2PKOVRCA2O78FA1L0Q70B.scan

SwiftCompile normal arm64 Compiling\ NotchSensor.swift,\ Opener.swift,\ ScreenRotator.swift,\ SettingsWindow.swift,\ SoundPlayer.swift /Users/runner/work/brochacho/brochacho/App/Brochacho/NotchSensor.swift /Users/runner/work/brochacho/brochacho/App/Brochacho/Opener.swift /Users/runner/work/brochacho/brochacho/App/Brochacho/ScreenRotator.swift /Users/runner/work/brochacho/brochacho/App/Brochacho/SettingsWindow.swift /Users/runner/work/brochacho/brochacho/App/Brochacho/SoundPlayer.swift (in target 'Brochacho' from project 'Brochacho')

SwiftCompile normal arm64 /Users/runner/work/brochacho/brochacho/App/Brochacho/NotchSensor.swift (in target 'Brochacho' from project 'Brochacho')
    cd /Users/runner/work/brochacho/brochacho/App
    

SwiftCompile normal arm64 /Users/runner/work/brochacho/brochacho/App/Brochacho/Opener.swift (in target 'Brochacho' from project 'Brochacho')
    cd /Users/runner/work/brochacho/brochacho/App
    

SwiftCompile normal arm64 /Users/runner/work/brochacho/brochacho/App/Brochacho/ScreenRotator.swift (in target 'Brochacho' from project 'Brochacho')
    cd /Users/runner/work/brochacho/brochacho/App
    

SwiftCompile normal arm64 /Users/runner/work/brochacho/brochacho/App/Brochacho/SettingsWindow.swift (in target 'Brochacho' from project 'Brochacho')
    cd /Users/runner/work/brochacho/brochacho/App
    

SwiftCompile normal arm64 /Users/runner/work/brochacho/brochacho/App/Brochacho/SoundPlayer.swift (in target 'Brochacho' from project 'Brochacho')
    cd /Users/runner/work/brochacho/brochacho/App
    

CompileC /Users/runner/Library/Developer/Xcode/DerivedData/Brochacho-bophpslfpqpondhathpifwanihyg/Build/Intermediates.noindex/RotationBridge.build/Debug/RotationBridge.build/Objects-normal/arm64/RotationBridge.o /Users/runner/work/brochacho/brochacho/App/RotationBridge/Sources/RotationBridge/RotationBridge.m normal arm64 objective-c com.apple.compilers.llvm.clang.1_0.compiler (in target 'RotationBridge' from project 'RotationBridge')
    cd /Users/runner/work/brochacho/brochacho/App/Brochacho.xcodeproj
    
    Using response file: /Users/runner/Library/Developer/Xcode/DerivedData/Brochacho-bophpslfpqpondhathpifwanihyg/Build/Intermediates.noindex/RotationBridge.build/Debug/RotationBridge.build/Objects-normal/arm64/e6072d4f65d7061329687fe24e3d63a7-common-args.resp
    
    /Applications/Xcode_16.4.app/Contents/Developer/Toolchains/XcodeDefault.xctoolchain/usr/bin/clang -x objective-c -ivfsstatcache /Users/runner/Library/Developer/Xcode/DerivedData/SDKStatCaches.noindex/macosx15.5-24F74-a403186ba963133a54a0e0cacd566b0b.sdkstatcache -fmessage-length\=0 -fdiagnostics-show-note-include-stack -fmacro-backtrace-limit\=0 -fno-color-diagnostics -fmodules-prune-interval\=86400 -fmodules-prune-after\=345600 -fbuild-session-file\=/Users/runner/Library/Developer/Xcode/DerivedData/ModuleCache.noindex/Session.modulevalidation -fmodules-validate-once-per-build-session -Wnon-modular-include-in-framework-module -Werror\=non-modular-include-in-framework-module -Wno-trigraphs -Wno-missing-field-initializers -Wno-missing-prototypes -Wno-return-type -Wno-implicit-atomic-properties -Wno-objc-interface-ivars -Wno-arc-repeated-use-of-weak -Wno-missing-braces -Wparentheses -Wswitch -Wno-unused-function -Wno-unused-label -Wno-unused-parameter -Wno-unused-variable -Wunused-value -Wno-empty-body -Wno-uninitialized -Wno-unknown-pragmas -Wno-shadow -Wno-four-char-constants -Wno-conversion -Wno-constant-conversion -Wno-int-conversion -Wno-bool-conversion -Wno-enum-conversion -Wno-float-conversion -Wno-non-literal-null-conversion -Wno-objc-literal-conversion -Wshorten-64-to-32 -Wpointer-sign -Wno-newline-eof -Wno-selector -Wno-strict-selector-match -Wno-undeclared-selector -Wno-deprecated-implementations -Wno-implicit-fallthrough -fstrict-aliasing -Wprotocol -Wdeprecated-declarations -Wno-sign-conversion -Wno-infinite-recursion -Wno-comma -Wno-block-capture-autoreleasing -Wno-strict-prototypes -Wno-semicolon-before-method-body -index-store-path /Users/runner/Library/Developer/Xcode/DerivedData/Brochacho-bophpslfpqpondhathpifwanihyg/Index.noindex/DataStore @/Users/runner/Library/Developer/Xcode/DerivedData/Brochacho-bophpslfpqpondhathpifwanihyg/Build/Intermediates.noindex/RotationBridge.build/Debug/RotationBridge.build/Objects-normal/arm64/e6072d4f65d7061329687fe24e3d63a7-common-args.resp -MMD -MT dependencies -MF /Users/runner/Library/Developer/Xcode/DerivedData/Brochacho-bophpslfpqpondhathpifwanihyg/Build/Intermediates.noindex/RotationBridge.build/Debug/RotationBridge.build/Objects-normal/arm64/RotationBridge.d --serialize-diagnostics /Users/runner/Library/Developer/Xcode/DerivedData/Brochacho-bophpslfpqpondhathpifwanihyg/Build/Intermediates.noindex/RotationBridge.build/Debug/RotationBridge.build/Objects-normal/arm64/RotationBridge.dia -c /Users/runner/work/brochacho/brochacho/App/RotationBridge/Sources/RotationBridge/RotationBridge.m -o /Users/runner/Library/Developer/Xcode/DerivedData/Brochacho-bophpslfpqpondhathpifwanihyg/Build/Intermediates.noindex/RotationBridge.build/Debug/RotationBridge.build/Objects-normal/arm64/RotationBridge.o -index-unit-output-path /RotationBridge.build/Debug/RotationBridge.build/Objects-normal/arm64/RotationBridge.o
/Users/runner/work/brochacho/brochacho/App/RotationBridge/Sources/RotationBridge/RotationBridge.m:103:28: warning: 'CGDisplayIOServicePort' is deprecated: first deprecated in macOS 10.9 - No longer supported [-Wdeprecated-declarations]
  103 |     io_service_t service = CGDisplayIOServicePort(displayID);
      |                            ^
In module 'ApplicationServices' imported from /Users/runner/work/brochacho/brochacho/App/RotationBridge/Sources/RotationBridge/RotationBridge.m:3:
In module 'CoreText' imported from /Applications/Xcode_16.4.app/Contents/Developer/Platforms/MacOSX.platform/Developer/SDKs/MacOSX.sdk/System/Library/Frameworks/ApplicationServices.framework/Frameworks/ATS.framework/Headers/SFNTLayoutTypes.h:16:
In module 'CoreGraphics' imported from /Applications/Xcode_16.4.app/Contents/Developer/Platforms/MacOSX.platform/Developer/SDKs/MacOSX15.5.sdk/System/Library/Frameworks/CoreText.framework/Headers/CTFontDescriptor.h:22:
/Applications/Xcode_16.4.app/Contents/Developer/Platforms/MacOSX.platform/Developer/SDKs/MacOSX15.5.sdk/System/Library/Frameworks/CoreGraphics.framework/Headers/CGDisplayConfiguration.h:372:24: note: 'CGDisplayIOServicePort' has been explicitly marked deprecated here
  372 | CG_EXTERN io_service_t CGDisplayIOServicePort(CGDirectDisplayID display)
      |                        ^
1 warning generated.

SwiftDriverJobDiscovery normal arm64 Emitting module for Brochacho (in target 'Brochacho' from project 'Brochacho')

SwiftDriver\ Compilation\ Requirements Brochacho normal arm64 com.apple.xcode.tools.swift.compiler (in target 'Brochacho' from project 'Brochacho')
    cd /Users/runner/work/brochacho/brochacho/App
    builtin-Swift-Compilation-Requirements -- /Applications/Xcode_16.4.app/Contents/Developer/Toolchains/XcodeDefault.xctoolchain/usr/bin/swiftc -module-name Brochacho -Onone -enforce-exclusivity\=checked @/Users/runner/Library/Developer/Xcode/DerivedData/Brochacho-bophpslfpqpondhathpifwanihyg/Build/Intermediates.noindex/Brochacho.build/Debug/Brochacho.build/Objects-normal/arm64/Brochacho.SwiftFileList -DDEBUG -Xcc -fmodule-map-file\=/Users/runner/Library/Developer/Xcode/DerivedData/Brochacho-bophpslfpqpondhathpifwanihyg/Build/Intermediates.noindex/GeneratedModuleMaps/RotationBridge.modulemap -enable-bare-slash-regex -enable-experimental-feature DebugDescriptionMacro -sdk /Applications/Xcode_16.4.app/Contents/Developer/Platforms/MacOSX.platform/Developer/SDKs/MacOSX15.5.sdk -target arm64-apple-macos13.0 -g -module-cache-path /Users/runner/Library/Developer/Xcode/DerivedData/ModuleCache.noindex -Xfrontend -serialize-debugging-options -enable-testing -index-store-path /Users/runner/Library/Developer/Xcode/DerivedData/Brochacho-bophpslfpqpondhathpifwanihyg/Index.noindex/DataStore -swift-version 5 -I /Users/runner/Library/Developer/Xcode/DerivedData/Brochacho-bophpslfpqpondhathpifwanihyg/Build/Products/Debug -F /Users/runner/Library/Developer/Xcode/DerivedData/Brochacho-bophpslfpqpondhathpifwanihyg/Build/Products/Debug/PackageFrameworks -F /Users/runner/Library/Developer/Xcode/DerivedData/Brochacho-bophpslfpqpondhathpifwanihyg/Build/Products/Debug/PackageFrameworks -F /Users/runner/Library/Developer/Xcode/DerivedData/Brochacho-bophpslfpqpondhathpifwanihyg/Build/Products/Debug/PackageFrameworks -F /Users/runner/Library/Developer/Xcode/DerivedData/Brochacho-bophpslfpqpondhathpifwanihyg/Build/Products/Debug/PackageFrameworks -F /Users/runner/Library/Developer/Xcode/DerivedData/Brochacho-bophpslfpqpondhathpifwanihyg/Build/Products/Debug -c -j5 -enable-batch-mode -incremental -Xcc -ivfsstatcache -Xcc /Users/runner/Library/Developer/Xcode/DerivedData/SDKStatCaches.noindex/macosx15.5-24F74-a403186ba963133a54a0e0cacd566b0b.sdkstatcache -output-file-map /Users/runner/Library/Developer/Xcode/DerivedData/Brochacho-bophpslfpqpondhathpifwanihyg/Build/Intermediates.noindex/Brochacho.build/Debug/Brochacho.build/Objects-normal/arm64/Brochacho-OutputFileMap.json -use-frontend-parseable-output -save-temps -no-color-diagnostics -serialize-diagnostics -emit-dependencies -emit-module -emit-module-path /Users/runner/Library/Developer/Xcode/DerivedData/Brochacho-bophpslfpqpondhathpifwanihyg/Build/Intermediates.noindex/Brochacho.build/Debug/Brochacho.build/Objects-normal/arm64/Brochacho.swiftmodule -validate-clang-modules-once -clang-build-session-file /Users/runner/Library/Developer/Xcode/DerivedData/ModuleCache.noindex/Session.modulevalidation -Xcc -I/Users/runner/Library/Developer/Xcode/DerivedData/Brochacho-bophpslfpqpondhathpifwanihyg/Build/Intermediates.noindex/Brochacho.build/Debug/Brochacho.build/swift-overrides.hmap -emit-const-values -Xfrontend -const-gather-protocols-file -Xfrontend /Users/runner/Library/Developer/Xcode/DerivedData/Brochacho-bophpslfpqpondhathpifwanihyg/Build/Intermediates.noindex/Brochacho.build/Debug/Brochacho.build/Objects-normal/arm64/Brochacho_const_extract_protocols.json -Xcc -iquote -Xcc /Users/runner/Library/Developer/Xcode/DerivedData/Brochacho-bophpslfpqpondhathpifwanihyg/Build/Intermediates.noindex/Brochacho.build/Debug/Brochacho.build/Brochacho-generated-files.hmap -Xcc -I/Users/runner/Library/Developer/Xcode/DerivedData/Brochacho-bophpslfpqpondhathpifwanihyg/Build/Intermediates.noindex/Brochacho.build/Debug/Brochacho.build/Brochacho-own-target-headers.hmap -Xcc -I/Users/runner/Library/Developer/Xcode/DerivedData/Brochacho-bophpslfpqpondhathpifwanihyg/Build/Intermediates.noindex/Brochacho.build/Debug/Brochacho.build/Brochacho-all-non-framework-target-headers.hmap -Xcc -ivfsoverlay -Xcc /Users/runner/Library/Developer/Xcode/DerivedData/Brochacho-bophpslfpqpondhathpifwanihyg/Build/Intermediates.noindex/Brochacho.build/Debug/Brochacho-880db3ac4f0a34a3b921b39387e7cd23-VFS/all-product-headers.yaml -Xcc -iquote -Xcc /Users/runner/Library/Developer/Xcode/DerivedData/Brochacho-bophpslfpqpondhathpifwanihyg/Build/Intermediates.noindex/Brochacho.build/Debug/Brochacho.build/Brochacho-project-headers.hmap -Xcc -I/Users/runner/work/brochacho/brochacho/App/RotationBridge/Sources/RotationBridge/include -Xcc -I/Users/runner/Library/Developer/Xcode/DerivedData/Brochacho-bophpslfpqpondhathpifwanihyg/Build/Products/Debug/include -Xcc -I/Users/runner/Library/Developer/Xcode/DerivedData/Brochacho-bophpslfpqpondhathpifwanihyg/Build/Intermediates.noindex/Brochacho.build/Debug/Brochacho.build/DerivedSources-normal/arm64 -Xcc -I/Users/runner/Library/Developer/Xcode/DerivedData/Brochacho-bophpslfpqpondhathpifwanihyg/Build/Intermediates.noindex/Brochacho.build/Debug/Brochacho.build/DerivedSources/arm64 -Xcc -I/Users/runner/Library/Developer/Xcode/DerivedData/Brochacho-bophpslfpqpondhathpifwanihyg/Build/Intermediates.noindex/Brochacho.build/Debug/Brochacho.build/DerivedSources -Xcc -DDEBUG\=1 -emit-objc-header -emit-objc-header-path /Users/runner/Library/Developer/Xcode/DerivedData/Brochacho-bophpslfpqpondhathpifwanihyg/Build/Intermediates.noindex/Brochacho.build/Debug/Brochacho.build/Objects-normal/arm64/Brochacho-Swift.h -working-directory /Users/runner/work/brochacho/brochacho/App -experimental-emit-module-separately -disable-cmo

Ld /Users/runner/Library/Developer/Xcode/DerivedData/Brochacho-bophpslfpqpondhathpifwanihyg/Build/Products/Debug/RotationBridge.o normal (in target 'RotationBridge' from project 'RotationBridge')
    cd /Users/runner/work/brochacho/brochacho/App/RotationBridge
    /Applications/Xcode_16.4.app/Contents/Developer/Toolchains/XcodeDefault.xctoolchain/usr/bin/clang -Xlinker -reproducible -target arm64-apple-macos13.0 -r -isysroot /Applications/Xcode_16.4.app/Contents/Developer/Platforms/MacOSX.platform/Developer/SDKs/MacOSX15.5.sdk -O0 -L/Users/runner/Library/Developer/Xcode/DerivedData/Brochacho-bophpslfpqpondhathpifwanihyg/Build/Intermediates.noindex/EagerLinkingTBDs/Debug -L/Users/runner/Library/Developer/Xcode/DerivedData/Brochacho-bophpslfpqpondhathpifwanihyg/Build/Products/Debug -L/Applications/Xcode_16.4.app/Contents/Developer/Platforms/MacOSX.platform/Developer/usr/lib -F/Users/runner/Library/Developer/Xcode/DerivedData/Brochacho-bophpslfpqpondhathpifwanihyg/Build/Intermediates.noindex/EagerLinkingTBDs/Debug -F/Users/runner/Library/Developer/Xcode/DerivedData/Brochacho-bophpslfpqpondhathpifwanihyg/Build/Products/Debug -iframework /Applications/Xcode_16.4.app/Contents/Developer/Platforms/MacOSX.platform/Developer/Library/Frameworks -filelist /Users/runner/Library/Developer/Xcode/DerivedData/Brochacho-bophpslfpqpondhathpifwanihyg/Build/Intermediates.noindex/RotationBridge.build/Debug/RotationBridge.build/Objects-normal/arm64/RotationBridge.LinkFileList -nostdlib -Xlinker -object_path_lto -Xlinker /Users/runner/Library/Developer/Xcode/DerivedData/Brochacho-bophpslfpqpondhathpifwanihyg/Build/Intermediates.noindex/RotationBridge.build/Debug/RotationBridge.build/Objects-normal/arm64/RotationBridge_lto.o -rdynamic -Xlinker -no_deduplicate -Xlinker -dependency_info -Xlinker /Users/runner/Library/Developer/Xcode/DerivedData/Brochacho-bophpslfpqpondhathpifwanihyg/Build/Intermediates.noindex/RotationBridge.build/Debug/RotationBridge.build/Objects-normal/arm64/RotationBridge_dependency_info.dat -fobjc-arc -fobjc-link-runtime -o /Users/runner/Library/Developer/Xcode/DerivedData/Brochacho-bophpslfpqpondhathpifwanihyg/Build/Products/Debug/RotationBridge.o

SwiftMergeGeneratedHeaders /Users/runner/Library/Developer/Xcode/DerivedData/Brochacho-bophpslfpqpondhathpifwanihyg/Build/Intermediates.noindex/Brochacho.build/Debug/Brochacho.build/DerivedSources/Brochacho-Swift.h /Users/runner/Library/Developer/Xcode/DerivedData/Brochacho-bophpslfpqpondhathpifwanihyg/Build/Intermediates.noindex/Brochacho.build/Debug/Brochacho.build/Objects-normal/arm64/Brochacho-Swift.h (in target 'Brochacho' from project 'Brochacho')
    cd /Users/runner/work/brochacho/brochacho/App
    builtin-swiftHeaderTool -arch arm64 /Users/runner/Library/Developer/Xcode/DerivedData/Brochacho-bophpslfpqpondhathpifwanihyg/Build/Intermediates.noindex/Brochacho.build/Debug/Brochacho.build/Objects-normal/arm64/Brochacho-Swift.h -o /Users/runner/Library/Developer/Xcode/DerivedData/Brochacho-bophpslfpqpondhathpifwanihyg/Build/Intermediates.noindex/Brochacho.build/Debug/Brochacho.build/DerivedSources/Brochacho-Swift.h

Copy /Users/runner/Library/Developer/Xcode/DerivedData/Brochacho-bophpslfpqpondhathpifwanihyg/Build/Products/Debug/Brochacho.swiftmodule/arm64-apple-macos.swiftmodule /Users/runner/Library/Developer/Xcode/DerivedData/Brochacho-bophpslfpqpondhathpifwanihyg/Build/Intermediates.noindex/Brochacho.build/Debug/Brochacho.build/Objects-normal/arm64/Brochacho.swiftmodule (in target 'Brochacho' from project 'Brochacho')
    cd /Users/runner/work/brochacho/brochacho/App
    builtin-copy -exclude .DS_Store -exclude CVS -exclude .svn -exclude .git -exclude .hg -resolve-src-symlinks -rename /Users/runner/Library/Developer/Xcode/DerivedData/Brochacho-bophpslfpqpondhathpifwanihyg/Build/Intermediates.noindex/Brochacho.build/Debug/Brochacho.build/Objects-normal/arm64/Brochacho.swiftmodule /Users/runner/Library/Developer/Xcode/DerivedData/Brochacho-bophpslfpqpondhathpifwanihyg/Build/Products/Debug/Brochacho.swiftmodule/arm64-apple-macos.swiftmodule

Copy /Users/runner/Library/Developer/Xcode/DerivedData/Brochacho-bophpslfpqpondhathpifwanihyg/Build/Products/Debug/Brochacho.swiftmodule/arm64-apple-macos.swiftdoc /Users/runner/Library/Developer/Xcode/DerivedData/Brochacho-bophpslfpqpondhathpifwanihyg/Build/Intermediates.noindex/Brochacho.build/Debug/Brochacho.build/Objects-normal/arm64/Brochacho.swiftdoc (in target 'Brochacho' from project 'Brochacho')
    cd /Users/runner/work/brochacho/brochacho/App
    builtin-copy -exclude .DS_Store -exclude CVS -exclude .svn -exclude .git -exclude .hg -resolve-src-symlinks -rename /Users/runner/Library/Developer/Xcode/DerivedData/Brochacho-bophpslfpqpondhathpifwanihyg/Build/Intermediates.noindex/Brochacho.build/Debug/Brochacho.build/Objects-normal/arm64/Brochacho.swiftdoc /Users/runner/Library/Developer/Xcode/DerivedData/Brochacho-bophpslfpqpondhathpifwanihyg/Build/Products/Debug/Brochacho.swiftmodule/arm64-apple-macos.swiftdoc

Copy /Users/runner/Library/Developer/Xcode/DerivedData/Brochacho-bophpslfpqpondhathpifwanihyg/Build/Products/Debug/Brochacho.swiftmodule/arm64-apple-macos.abi.json /Users/runner/Library/Developer/Xcode/DerivedData/Brochacho-bophpslfpqpondhathpifwanihyg/Build/Intermediates.noindex/Brochacho.build/Debug/Brochacho.build/Objects-normal/arm64/Brochacho.abi.json (in target 'Brochacho' from project 'Brochacho')
    cd /Users/runner/work/brochacho/brochacho/App
    builtin-copy -exclude .DS_Store -exclude CVS -exclude .svn -exclude .git -exclude .hg -resolve-src-symlinks -rename /Users/runner/Library/Developer/Xcode/DerivedData/Brochacho-bophpslfpqpondhathpifwanihyg/Build/Intermediates.noindex/Brochacho.build/Debug/Brochacho.build/Objects-normal/arm64/Brochacho.abi.json /Users/runner/Library/Developer/Xcode/DerivedData/Brochacho-bophpslfpqpondhathpifwanihyg/Build/Products/Debug/Brochacho.swiftmodule/arm64-apple-macos.abi.json

Copy /Users/runner/Library/Developer/Xcode/DerivedData/Brochacho-bophpslfpqpondhathpifwanihyg/Build/Products/Debug/Brochacho.swiftmodule/Project/arm64-apple-macos.swiftsourceinfo /Users/runner/Library/Developer/Xcode/DerivedData/Brochacho-bophpslfpqpondhathpifwanihyg/Build/Intermediates.noindex/Brochacho.build/Debug/Brochacho.build/Objects-normal/arm64/Brochacho.swiftsourceinfo (in target 'Brochacho' from project 'Brochacho')
    cd /Users/runner/work/brochacho/brochacho/App
    builtin-copy -exclude .DS_Store -exclude CVS -exclude .svn -exclude .git -exclude .hg -resolve-src-symlinks -rename /Users/runner/Library/Developer/Xcode/DerivedData/Brochacho-bophpslfpqpondhathpifwanihyg/Build/Intermediates.noindex/Brochacho.build/Debug/Brochacho.build/Objects-normal/arm64/Brochacho.swiftsourceinfo /Users/runner/Library/Developer/Xcode/DerivedData/Brochacho-bophpslfpqpondhathpifwanihyg/Build/Products/Debug/Brochacho.swiftmodule/Project/arm64-apple-macos.swiftsourceinfo

SwiftCompile normal arm64 Compiling\ MicTuner.swift,\ Mouth.swift,\ NotchController.swift,\ NotchModel.swift,\ NotchRootView.swift /Users/runner/work/brochacho/brochacho/App/Brochacho/MicTuner.swift /Users/runner/work/brochacho/brochacho/App/Brochacho/Mouth.swift /Users/runner/work/brochacho/brochacho/App/Brochacho/NotchController.swift /Users/runner/work/brochacho/brochacho/App/Brochacho/NotchModel.swift /Users/runner/work/brochacho/brochacho/App/Brochacho/Views/NotchRootView.swift (in target 'Brochacho' from project 'Brochacho')
SwiftCompile normal arm64 /Users/runner/work/brochacho/brochacho/App/Brochacho/MicTuner.swift (in target 'Brochacho' from project 'Brochacho')
    cd /Users/runner/work/brochacho/brochacho/App
    

SwiftCompile normal arm64 /Users/runner/work/brochacho/brochacho/App/Brochacho/Mouth.swift (in target 'Brochacho' from project 'Brochacho')
    cd /Users/runner/work/brochacho/brochacho/App
    

SwiftCompile normal arm64 /Users/runner/work/brochacho/brochacho/App/Brochacho/NotchController.swift (in target 'Brochacho' from project 'Brochacho')
    cd /Users/runner/work/brochacho/brochacho/App
    

SwiftCompile normal arm64 /Users/runner/work/brochacho/brochacho/App/Brochacho/NotchModel.swift (in target 'Brochacho' from project 'Brochacho')
    cd /Users/runner/work/brochacho/brochacho/App
    

SwiftCompile normal arm64 /Users/runner/work/brochacho/brochacho/App/Brochacho/Views/NotchRootView.swift (in target 'Brochacho' from project 'Brochacho')
    cd /Users/runner/work/brochacho/brochacho/App
    

SwiftDriverJobDiscovery normal arm64 Compiling TabGrabber.swift, Theme.swift, TimerScreen.swift, TunerScreen.swift, TutorialWindow.swift (in target 'Brochacho' from project 'Brochacho')

ExtractAppIntentsMetadata (in target 'BrochachoCore' from project 'BrochachoCore')
    cd /Users/runner/work/brochacho/brochacho
    /Applications/Xcode_16.4.app/Contents/Developer/Toolchains/XcodeDefault.xctoolchain/usr/bin/appintentsmetadataprocessor --toolchain-dir /Applications/Xcode_16.4.app/Contents/Developer/Toolchains/XcodeDefault.xctoolchain --module-name BrochachoCore --sdk-root /Applications/Xcode_16.4.app/Contents/Developer/Platforms/MacOSX.platform/Developer/SDKs/MacOSX15.5.sdk --xcode-version 16F6 --platform-family macOS --deployment-target 13.0 --bundle-identifier brochacho.BrochachoCore --output /Users/runner/Library/Developer/Xcode/DerivedData/Brochacho-bophpslfpqpondhathpifwanihyg/Build/Products/Debug/BrochachoCore.appintents --target-triple arm64-apple-macos13.0 --binary-file /Users/runner/Library/Developer/Xcode/DerivedData/Brochacho-bophpslfpqpondhathpifwanihyg/Build/Products/Debug/BrochachoCore.o --dependency-file /Users/runner/Library/Developer/Xcode/DerivedData/Brochacho-bophpslfpqpondhathpifwanihyg/Build/Intermediates.noindex/BrochachoCore.build/Debug/BrochachoCore.build/Objects-normal/arm64/BrochachoCore_dependency_info.dat --stringsdata-file /Users/runner/Library/Developer/Xcode/DerivedData/Brochacho-bophpslfpqpondhathpifwanihyg/Build/Intermediates.noindex/BrochachoCore.build/Debug/BrochachoCore.build/Objects-normal/arm64/ExtractedAppShortcutsMetadata.stringsdata --source-file-list /Users/runner/Library/Developer/Xcode/DerivedData/Brochacho-bophpslfpqpondhathpifwanihyg/Build/Intermediates.noindex/BrochachoCore.build/Debug/BrochachoCore.build/Objects-normal/arm64/BrochachoCore.SwiftFileList --metadata-file-list /Users/runner/Library/Developer/Xcode/DerivedData/Brochacho-bophpslfpqpondhathpifwanihyg/Build/Intermediates.noindex/BrochachoCore.build/Debug/BrochachoCore.build/BrochachoCore.DependencyMetadataFileList --static-metadata-file-list /Users/runner/Library/Developer/Xcode/DerivedData/Brochacho-bophpslfpqpondhathpifwanihyg/Build/Intermediates.noindex/BrochachoCore.build/Debug/BrochachoCore.build/BrochachoCore.DependencyStaticMetadataFileList --swift-const-vals-list /Users/runner/Library/Developer/Xcode/DerivedData/Brochacho-bophpslfpqpondhathpifwanihyg/Build/Intermediates.noindex/BrochachoCore.build/Debug/BrochachoCore.build/Objects-normal/arm64/BrochachoCore.SwiftConstValuesFileList --force --compile-time-extraction --deployment-aware-processing --validate-assistant-intents --no-app-shortcuts-localization
2026-09-30 16:29:19.819 appintentsmetadataprocessor[7636:28769] Starting appintentsmetadataprocessor export
2026-09-30 16:29:19.850 appintentsmetadataprocessor[7636:28769] Extracted no relevant App Intents symbols, skipping writing output

RegisterExecutionPolicyException /Users/runner/Library/Developer/Xcode/DerivedData/Brochacho-bophpslfpqpondhathpifwanihyg/Build/Products/Debug/HotKey.o (in target 'HotKey' from project 'HotKey')
    cd /Users/runner/Library/Developer/Xcode/DerivedData/Brochacho-bophpslfpqpondhathpifwanihyg/SourcePackages/checkouts/HotKey
    builtin-RegisterExecutionPolicyException /Users/runner/Library/Developer/Xcode/DerivedData/Brochacho-bophpslfpqpondhathpifwanihyg/Build/Products/Debug/HotKey.o

RegisterExecutionPolicyException /Users/runner/Library/Developer/Xcode/DerivedData/Brochacho-bophpslfpqpondhathpifwanihyg/Build/Products/Debug/DynamicNotchKit.o (in target 'DynamicNotchKit' from project 'DynamicNotchKit')
    cd /Users/runner/work/brochacho/brochacho/App/Vendor/DynamicNotchKit
    builtin-RegisterExecutionPolicyException /Users/runner/Library/Developer/Xcode/DerivedData/Brochacho-bophpslfpqpondhathpifwanihyg/Build/Products/Debug/DynamicNotchKit.o

RegisterExecutionPolicyException /Users/runner/Library/Developer/Xcode/DerivedData/Brochacho-bophpslfpqpondhathpifwanihyg/Build/Products/Debug/RotationBridge.o (in target 'RotationBridge' from project 'RotationBridge')
    cd /Users/runner/work/brochacho/brochacho/App/RotationBridge
    builtin-RegisterExecutionPolicyException /Users/runner/Library/Developer/Xcode/DerivedData/Brochacho-bophpslfpqpondhathpifwanihyg/Build/Products/Debug/RotationBridge.o

RegisterExecutionPolicyException /Users/runner/Library/Developer/Xcode/DerivedData/Brochacho-bophpslfpqpondhathpifwanihyg/Build/Products/Debug/BrochachoCore.o (in target 'BrochachoCore' from project 'BrochachoCore')
    cd /Users/runner/work/brochacho/brochacho
    builtin-RegisterExecutionPolicyException /Users/runner/Library/Developer/Xcode/DerivedData/Brochacho-bophpslfpqpondhathpifwanihyg/Build/Products/Debug/BrochachoCore.o

Ld /Users/runner/Library/Developer/Xcode/DerivedData/Brochacho-bophpslfpqpondhathpifwanihyg/Build/Products/Debug/Brochacho.app/Contents/MacOS/__preview.dylib normal (in target 'Brochacho' from project 'Brochacho')
    cd /Users/runner/work/brochacho/brochacho/App
    /Applications/Xcode_16.4.app/Contents/Developer/Toolchains/XcodeDefault.xctoolchain/usr/bin/clang -Xlinker -reproducible -target arm64-apple-macos13.0 -dynamiclib -isysroot /Applications/Xcode_16.4.app/Contents/Developer/Platforms/MacOSX.platform/Developer/SDKs/MacOSX15.5.sdk -O0 -L/Users/runner/Library/Developer/Xcode/DerivedData/Brochacho-bophpslfpqpondhathpifwanihyg/Build/Products/Debug -F/Users/runner/Library/Developer/Xcode/DerivedData/Brochacho-bophpslfpqpondhathpifwanihyg/Build/Products/Debug/PackageFrameworks -F/Users/runner/Library/Developer/Xcode/DerivedData/Brochacho-bophpslfpqpondhathpifwanihyg/Build/Products/Debug/PackageFrameworks -F/Users/runner/Library/Developer/Xcode/DerivedData/Brochacho-bophpslfpqpondhathpifwanihyg/Build/Products/Debug/PackageFrameworks -F/Users/runner/Library/Developer/Xcode/DerivedData/Brochacho-bophpslfpqpondhathpifwanihyg/Build/Products/Debug/PackageFrameworks -F/Users/runner/Library/Developer/Xcode/DerivedData/Brochacho-bophpslfpqpondhathpifwanihyg/Build/Products/Debug -install_name @rpath/Brochacho.debug.dylib -rdynamic -Xlinker -no_deduplicate -Xlinker -dependency_info -Xlinker /Users/runner/Library/Developer/Xcode/DerivedData/Brochacho-bophpslfpqpondhathpifwanihyg/Build/Intermediates.noindex/Brochacho.build/Debug/Brochacho.build/Objects-normal/arm64/Brochacho_dependency_info.dat -o /Users/runner/Library/Developer/Xcode/DerivedData/Brochacho-bophpslfpqpondhathpifwanihyg/Build/Products/Debug/Brochacho.app/Contents/MacOS/__preview.dylib

ProcessInfoPlistFile /Users/runner/Library/Developer/Xcode/DerivedData/Brochacho-bophpslfpqpondhathpifwanihyg/Build/Products/Debug/Brochacho.app/Contents/Info.plist /Users/runner/work/brochacho/brochacho/App/Brochacho/Info.plist (in target 'Brochacho' from project 'Brochacho')
    cd /Users/runner/work/brochacho/brochacho/App
    builtin-infoPlistUtility /Users/runner/work/brochacho/brochacho/App/Brochacho/Info.plist -producttype com.apple.product-type.application -genpkginfo /Users/runner/Library/Developer/Xcode/DerivedData/Brochacho-bophpslfpqpondhathpifwanihyg/Build/Products/Debug/Brochacho.app/Contents/PkgInfo -expandbuildsettings -platform macosx -o /Users/runner/Library/Developer/Xcode/DerivedData/Brochacho-bophpslfpqpondhathpifwanihyg/Build/Products/Debug/Brochacho.app/Contents/Info.plist

CpResource /Users/runner/Library/Developer/Xcode/DerivedData/Brochacho-bophpslfpqpondhathpifwanihyg/Build/Products/Debug/Brochacho.app/Contents/Resources/save.wav /Users/runner/work/brochacho/brochacho/App/Brochacho/Resources/sounds/save.wav (in target 'Brochacho' from project 'Brochacho')
    cd /Users/runner/work/brochacho/brochacho/App
    builtin-copy -exclude .DS_Store -exclude CVS -exclude .svn -exclude .git -exclude .hg -resolve-src-symlinks /Users/runner/work/brochacho/brochacho/App/Brochacho/Resources/sounds/save.wav /Users/runner/Library/Developer/Xcode/DerivedData/Brochacho-bophpslfpqpondhathpifwanihyg/Build/Products/Debug/Brochacho.app/Contents/Resources

CpResource /Users/runner/Library/Developer/Xcode/DerivedData/Brochacho-bophpslfpqpondhathpifwanihyg/Build/Products/Debug/Brochacho.app/Contents/Resources/pull.wav /Users/runner/work/brochacho/brochacho/App/Brochacho/Resources/sounds/pull.wav (in target 'Brochacho' from project 'Brochacho')
    cd /Users/runner/work/brochacho/brochacho/App
    builtin-copy -exclude .DS_Store -exclude CVS -exclude .svn -exclude .git -exclude .hg -resolve-src-symlinks /Users/runner/work/brochacho/brochacho/App/Brochacho/Resources/sounds/pull.wav /Users/runner/Library/Developer/Xcode/DerivedData/Brochacho-bophpslfpqpondhathpifwanihyg/Build/Products/Debug/Brochacho.app/Contents/Resources

CpResource /Users/runner/Library/Developer/Xcode/DerivedData/Brochacho-bophpslfpqpondhathpifwanihyg/Build/Products/Debug/Brochacho.app/Contents/Resources/open.wav /Users/runner/work/brochacho/brochacho/App/Brochacho/Resources/sounds/open.wav (in target 'Brochacho' from project 'Brochacho')
    cd /Users/runner/work/brochacho/brochacho/App
    builtin-copy -exclude .DS_Store -exclude CVS -exclude .svn -exclude .git -exclude .hg -resolve-src-symlinks /Users/runner/work/brochacho/brochacho/App/Brochacho/Resources/sounds/open.wav /Users/runner/Library/Developer/Xcode/DerivedData/Brochacho-bophpslfpqpondhathpifwanihyg/Build/Products/Debug/Brochacho.app/Contents/Resources

CpResource /Users/runner/Library/Developer/Xcode/DerivedData/Brochacho-bophpslfpqpondhathpifwanihyg/Build/Products/Debug/Brochacho.app/Contents/Resources/nope.wav /Users/runner/work/brochacho/brochacho/App/Brochacho/Resources/sounds/nope.wav (in target 'Brochacho' from project 'Brochacho')
    cd /Users/runner/work/brochacho/brochacho/App
    builtin-copy -exclude .DS_Store -exclude CVS -exclude .svn -exclude .git -exclude .hg -resolve-src-symlinks /Users/runner/work/brochacho/brochacho/App/Brochacho/Resources/sounds/nope.wav /Users/runner/Library/Developer/Xcode/DerivedData/Brochacho-bophpslfpqpondhathpifwanihyg/Build/Products/Debug/Brochacho.app/Contents/Resources

CpResource /Users/runner/Library/Developer/Xcode/DerivedData/Brochacho-bophpslfpqpondhathpifwanihyg/Build/Products/Debug/Brochacho.app/Contents/Resources/lock.wav /Users/runner/work/brochacho/brochacho/App/Brochacho/Resources/sounds/lock.wav (in target 'Brochacho' from project 'Brochacho')
    cd /Users/runner/work/brochacho/brochacho/App
    builtin-copy -exclude .DS_Store -exclude CVS -exclude .svn -exclude .git -exclude .hg -resolve-src-symlinks /Users/runner/work/brochacho/brochacho/App/Brochacho/Resources/sounds/lock.wav /Users/runner/Library/Developer/Xcode/DerivedData/Brochacho-bophpslfpqpondhathpifwanihyg/Build/Products/Debug/Brochacho.app/Contents/Resources

CpResource /Users/runner/Library/Developer/Xcode/DerivedData/Brochacho-bophpslfpqpondhathpifwanihyg/Build/Products/Debug/Brochacho.app/Contents/Resources/lines.json /Users/runner/work/brochacho/brochacho/App/Brochacho/Resources/lines.json (in target 'Brochacho' from project 'Brochacho')
    cd /Users/runner/work/brochacho/brochacho/App
    builtin-copy -exclude .DS_Store -exclude CVS -exclude .svn -exclude .git -exclude .hg -resolve-src-symlinks /Users/runner/work/brochacho/brochacho/App/Brochacho/Resources/lines.json /Users/runner/Library/Developer/Xcode/DerivedData/Brochacho-bophpslfpqpondhathpifwanihyg/Build/Products/Debug/Brochacho.app/Contents/Resources

CpResource /Users/runner/Library/Developer/Xcode/DerivedData/Brochacho-bophpslfpqpondhathpifwanihyg/Build/Products/Debug/Brochacho.app/Contents/Resources/done.wav /Users/runner/work/brochacho/brochacho/App/Brochacho/Resources/sounds/done.wav (in target 'Brochacho' from project 'Brochacho')
    cd /Users/runner/work/brochacho/brochacho/App
    builtin-copy -exclude .DS_Store -exclude CVS -exclude .svn -exclude .git -exclude .hg -resolve-src-symlinks /Users/runner/work/brochacho/brochacho/App/Brochacho/Resources/sounds/done.wav /Users/runner/Library/Developer/Xcode/DerivedData/Brochacho-bophpslfpqpondhathpifwanihyg/Build/Products/Debug/Brochacho.app/Contents/Resources

CpResource /Users/runner/Library/Developer/Xcode/DerivedData/Brochacho-bophpslfpqpondhathpifwanihyg/Build/Products/Debug/Brochacho.app/Contents/Resources/close.wav /Users/runner/work/brochacho/brochacho/App/Brochacho/Resources/sounds/close.wav (in target 'Brochacho' from project 'Brochacho')
    cd /Users/runner/work/brochacho/brochacho/App
    builtin-copy -exclude .DS_Store -exclude CVS -exclude .svn -exclude .git -exclude .hg -resolve-src-symlinks /Users/runner/work/brochacho/brochacho/App/Brochacho/Resources/sounds/close.wav /Users/runner/Library/Developer/Xcode/DerivedData/Brochacho-bophpslfpqpondhathpifwanihyg/Build/Products/Debug/Brochacho.app/Contents/Resources

CpResource /Users/runner/Library/Developer/Xcode/DerivedData/Brochacho-bophpslfpqpondhathpifwanihyg/Build/Products/Debug/Brochacho.app/Contents/Resources/answer.wav /Users/runner/work/brochacho/brochacho/App/Brochacho/Resources/sounds/answer.wav (in target 'Brochacho' from project 'Brochacho')
    cd /Users/runner/work/brochacho/brochacho/App
    builtin-copy -exclude .DS_Store -exclude CVS -exclude .svn -exclude .git -exclude .hg -resolve-src-symlinks /Users/runner/work/brochacho/brochacho/App/Brochacho/Resources/sounds/answer.wav /Users/runner/Library/Developer/Xcode/DerivedData/Brochacho-bophpslfpqpondhathpifwanihyg/Build/Products/Debug/Brochacho.app/Contents/Resources

CpResource /Users/runner/Library/Developer/Xcode/DerivedData/Brochacho-bophpslfpqpondhathpifwanihyg/Build/Products/Debug/Brochacho.app/Contents/Resources/IBMPlexMono-Regular.ttf /Users/runner/work/brochacho/brochacho/App/Brochacho/Resources/fonts/IBMPlexMono-Regular.ttf (in target 'Brochacho' from project 'Brochacho')
    cd /Users/runner/work/brochacho/brochacho/App
    builtin-copy -exclude .DS_Store -exclude CVS -exclude .svn -exclude .git -exclude .hg -resolve-src-symlinks /Users/runner/work/brochacho/brochacho/App/Brochacho/Resources/fonts/IBMPlexMono-Regular.ttf /Users/runner/Library/Developer/Xcode/DerivedData/Brochacho-bophpslfpqpondhathpifwanihyg/Build/Products/Debug/Brochacho.app/Contents/Resources

CpResource /Users/runner/Library/Developer/Xcode/DerivedData/Brochacho-bophpslfpqpondhathpifwanihyg/Build/Products/Debug/Brochacho.app/Contents/Resources/IBMPlexMono-OFL.txt /Users/runner/work/brochacho/brochacho/App/Brochacho/Resources/fonts/IBMPlexMono-OFL.txt (in target 'Brochacho' from project 'Brochacho')
    cd /Users/runner/work/brochacho/brochacho/App
    builtin-copy -exclude .DS_Store -exclude CVS -exclude .svn -exclude .git -exclude .hg -resolve-src-symlinks /Users/runner/work/brochacho/brochacho/App/Brochacho/Resources/fonts/IBMPlexMono-OFL.txt /Users/runner/Library/Developer/Xcode/DerivedData/Brochacho-bophpslfpqpondhathpifwanihyg/Build/Products/Debug/Brochacho.app/Contents/Resources

CpResource /Users/runner/Library/Developer/Xcode/DerivedData/Brochacho-bophpslfpqpondhathpifwanihyg/Build/Products/Debug/Brochacho.app/Contents/Resources/IBMPlexMono-Medium.ttf /Users/runner/work/brochacho/brochacho/App/Brochacho/Resources/fonts/IBMPlexMono-Medium.ttf (in target 'Brochacho' from project 'Brochacho')
    cd /Users/runner/work/brochacho/brochacho/App
    builtin-copy -exclude .DS_Store -exclude CVS -exclude .svn -exclude .git -exclude .hg -resolve-src-symlinks /Users/runner/work/brochacho/brochacho/App/Brochacho/Resources/fonts/IBMPlexMono-Medium.ttf /Users/runner/Library/Developer/Xcode/DerivedData/Brochacho-bophpslfpqpondhathpifwanihyg/Build/Products/Debug/Brochacho.app/Contents/Resources

CopyPNGFile /Users/runner/Library/Developer/Xcode/DerivedData/Brochacho-bophpslfpqpondhathpifwanihyg/Build/Products/Debug/Brochacho.app/Contents/Resources/grain.png /Users/runner/work/brochacho/brochacho/App/Brochacho/Resources/textures/grain.png (in target 'Brochacho' from project 'Brochacho')
    cd /Users/runner/work/brochacho/brochacho/App
    /Applications/Xcode_16.4.app/Contents/Developer/usr/bin/copypng /Users/runner/work/brochacho/brochacho/App/Brochacho/Resources/textures/grain.png /Users/runner/Library/Developer/Xcode/DerivedData/Brochacho-bophpslfpqpondhathpifwanihyg/Build/Products/Debug/Brochacho.app/Contents/Resources/grain.png

SwiftDriverJobDiscovery normal arm64 Compiling AnswerScreen.swift, AppIndex.swift, AskClient.swift, Brain.swift, BrochachoApp.swift, CaptureWriter.swift (in target 'Brochacho' from project 'Brochacho')

SwiftDriverJobDiscovery normal arm64 Compiling NotchSensor.swift, Opener.swift, ScreenRotator.swift, SettingsWindow.swift, SoundPlayer.swift (in target 'Brochacho' from project 'Brochacho')

SwiftDriverJobDiscovery normal arm64 Compiling Ears.swift, GlanceScreen.swift, HotkeyCenter.swift, InputScreen.swift, LineScreen.swift (in target 'Brochacho' from project 'Brochacho')

SwiftDriverJobDiscovery normal arm64 Compiling MicTuner.swift, Mouth.swift, NotchController.swift, NotchModel.swift, NotchRootView.swift (in target 'Brochacho' from project 'Brochacho')

SwiftDriver\ Compilation Brochacho normal arm64 com.apple.xcode.tools.swift.compiler (in target 'Brochacho' from project 'Brochacho')
    cd /Users/runner/work/brochacho/brochacho/App
    builtin-Swift-Compilation -- /Applications/Xcode_16.4.app/Contents/Developer/Toolchains/XcodeDefault.xctoolchain/usr/bin/swiftc -module-name Brochacho -Onone -enforce-exclusivity\=checked @/Users/runner/Library/Developer/Xcode/DerivedData/Brochacho-bophpslfpqpondhathpifwanihyg/Build/Intermediates.noindex/Brochacho.build/Debug/Brochacho.build/Objects-normal/arm64/Brochacho.SwiftFileList -DDEBUG -Xcc -fmodule-map-file\=/Users/runner/Library/Developer/Xcode/DerivedData/Brochacho-bophpslfpqpondhathpifwanihyg/Build/Intermediates.noindex/GeneratedModuleMaps/RotationBridge.modulemap -enable-bare-slash-regex -enable-experimental-feature DebugDescriptionMacro -sdk /Applications/Xcode_16.4.app/Contents/Developer/Platforms/MacOSX.platform/Developer/SDKs/MacOSX15.5.sdk -target arm64-apple-macos13.0 -g -module-cache-path /Users/runner/Library/Developer/Xcode/DerivedData/ModuleCache.noindex -Xfrontend -serialize-debugging-options -enable-testing -index-store-path /Users/runner/Library/Developer/Xcode/DerivedData/Brochacho-bophpslfpqpondhathpifwanihyg/Index.noindex/DataStore -swift-version 5 -I /Users/runner/Library/Developer/Xcode/DerivedData/Brochacho-bophpslfpqpondhathpifwanihyg/Build/Products/Debug -F /Users/runner/Library/Developer/Xcode/DerivedData/Brochacho-bophpslfpqpondhathpifwanihyg/Build/Products/Debug/PackageFrameworks -F /Users/runner/Library/Developer/Xcode/DerivedData/Brochacho-bophpslfpqpondhathpifwanihyg/Build/Products/Debug/PackageFrameworks -F /Users/runner/Library/Developer/Xcode/DerivedData/Brochacho-bophpslfpqpondhathpifwanihyg/Build/Products/Debug/PackageFrameworks -F /Users/runner/Library/Developer/Xcode/DerivedData/Brochacho-bophpslfpqpondhathpifwanihyg/Build/Products/Debug/PackageFrameworks -F /Users/runner/Library/Developer/Xcode/DerivedData/Brochacho-bophpslfpqpondhathpifwanihyg/Build/Products/Debug -c -j5 -enable-batch-mode -incremental -Xcc -ivfsstatcache -Xcc /Users/runner/Library/Developer/Xcode/DerivedData/SDKStatCaches.noindex/macosx15.5-24F74-a403186ba963133a54a0e0cacd566b0b.sdkstatcache -output-file-map /Users/runner/Library/Developer/Xcode/DerivedData/Brochacho-bophpslfpqpondhathpifwanihyg/Build/Intermediates.noindex/Brochacho.build/Debug/Brochacho.build/Objects-normal/arm64/Brochacho-OutputFileMap.json -use-frontend-parseable-output -save-temps -no-color-diagnostics -serialize-diagnostics -emit-dependencies -emit-module -emit-module-path /Users/runner/Library/Developer/Xcode/DerivedData/Brochacho-bophpslfpqpondhathpifwanihyg/Build/Intermediates.noindex/Brochacho.build/Debug/Brochacho.build/Objects-normal/arm64/Brochacho.swiftmodule -validate-clang-modules-once -clang-build-session-file /Users/runner/Library/Developer/Xcode/DerivedData/ModuleCache.noindex/Session.modulevalidation -Xcc -I/Users/runner/Library/Developer/Xcode/DerivedData/Brochacho-bophpslfpqpondhathpifwanihyg/Build/Intermediates.noindex/Brochacho.build/Debug/Brochacho.build/swift-overrides.hmap -emit-const-values -Xfrontend -const-gather-protocols-file -Xfrontend /Users/runner/Library/Developer/Xcode/DerivedData/Brochacho-bophpslfpqpondhathpifwanihyg/Build/Intermediates.noindex/Brochacho.build/Debug/Brochacho.build/Objects-normal/arm64/Brochacho_const_extract_protocols.json -Xcc -iquote -Xcc /Users/runner/Library/Developer/Xcode/DerivedData/Brochacho-bophpslfpqpondhathpifwanihyg/Build/Intermediates.noindex/Brochacho.build/Debug/Brochacho.build/Brochacho-generated-files.hmap -Xcc -I/Users/runner/Library/Developer/Xcode/DerivedData/Brochacho-bophpslfpqpondhathpifwanihyg/Build/Intermediates.noindex/Brochacho.build/Debug/Brochacho.build/Brochacho-own-target-headers.hmap -Xcc -I/Users/runner/Library/Developer/Xcode/DerivedData/Brochacho-bophpslfpqpondhathpifwanihyg/Build/Intermediates.noindex/Brochacho.build/Debug/Brochacho.build/Brochacho-all-non-framework-target-headers.hmap -Xcc -ivfsoverlay -Xcc /Users/runner/Library/Developer/Xcode/DerivedData/Brochacho-bophpslfpqpondhathpifwanihyg/Build/Intermediates.noindex/Brochacho.build/Debug/Brochacho-880db3ac4f0a34a3b921b39387e7cd23-VFS/all-product-headers.yaml -Xcc -iquote -Xcc /Users/runner/Library/Developer/Xcode/DerivedData/Brochacho-bophpslfpqpondhathpifwanihyg/Build/Intermediates.noindex/Brochacho.build/Debug/Brochacho.build/Brochacho-project-headers.hmap -Xcc -I/Users/runner/work/brochacho/brochacho/App/RotationBridge/Sources/RotationBridge/include -Xcc -I/Users/runner/Library/Developer/Xcode/DerivedData/Brochacho-bophpslfpqpondhathpifwanihyg/Build/Products/Debug/include -Xcc -I/Users/runner/Library/Developer/Xcode/DerivedData/Brochacho-bophpslfpqpondhathpifwanihyg/Build/Intermediates.noindex/Brochacho.build/Debug/Brochacho.build/DerivedSources-normal/arm64 -Xcc -I/Users/runner/Library/Developer/Xcode/DerivedData/Brochacho-bophpslfpqpondhathpifwanihyg/Build/Intermediates.noindex/Brochacho.build/Debug/Brochacho.build/DerivedSources/arm64 -Xcc -I/Users/runner/Library/Developer/Xcode/DerivedData/Brochacho-bophpslfpqpondhathpifwanihyg/Build/Intermediates.noindex/Brochacho.build/Debug/Brochacho.build/DerivedSources -Xcc -DDEBUG\=1 -emit-objc-header -emit-objc-header-path /Users/runner/Library/Developer/Xcode/DerivedData/Brochacho-bophpslfpqpondhathpifwanihyg/Build/Intermediates.noindex/Brochacho.build/Debug/Brochacho.build/Objects-normal/arm64/Brochacho-Swift.h -working-directory /Users/runner/work/brochacho/brochacho/App -experimental-emit-module-separately -disable-cmo

Ld /Users/runner/Library/Developer/Xcode/DerivedData/Brochacho-bophpslfpqpondhathpifwanihyg/Build/Products/Debug/Brochacho.app/Contents/MacOS/Brochacho.debug.dylib normal (in target 'Brochacho' from project 'Brochacho')
    cd /Users/runner/work/brochacho/brochacho/App
    /Applications/Xcode_16.4.app/Contents/Developer/Toolchains/XcodeDefault.xctoolchain/usr/bin/clang -Xlinker -reproducible -target arm64-apple-macos13.0 -dynamiclib -isysroot /Applications/Xcode_16.4.app/Contents/Developer/Platforms/MacOSX.platform/Developer/SDKs/MacOSX15.5.sdk -O0 -L/Users/runner/Library/Developer/Xcode/DerivedData/Brochacho-bophpslfpqpondhathpifwanihyg/Build/Intermediates.noindex/EagerLinkingTBDs/Debug -L/Users/runner/Library/Developer/Xcode/DerivedData/Brochacho-bophpslfpqpondhathpifwanihyg/Build/Products/Debug -F/Users/runner/Library/Developer/Xcode/DerivedData/Brochacho-bophpslfpqpondhathpifwanihyg/Build/Intermediates.noindex/EagerLinkingTBDs/Debug -F/Users/runner/Library/Developer/Xcode/DerivedData/Brochacho-bophpslfpqpondhathpifwanihyg/Build/Products/Debug/PackageFrameworks -F/Users/runner/Library/Developer/Xcode/DerivedData/Brochacho-bophpslfpqpondhathpifwanihyg/Build/Products/Debug/PackageFrameworks -F/Users/runner/Library/Developer/Xcode/DerivedData/Brochacho-bophpslfpqpondhathpifwanihyg/Build/Products/Debug/PackageFrameworks -F/Users/runner/Library/Developer/Xcode/DerivedData/Brochacho-bophpslfpqpondhathpifwanihyg/Build/Products/Debug/PackageFrameworks -F/Users/runner/Library/Developer/Xcode/DerivedData/Brochacho-bophpslfpqpondhathpifwanihyg/Build/Products/Debug -filelist /Users/runner/Library/Developer/Xcode/DerivedData/Brochacho-bophpslfpqpondhathpifwanihyg/Build/Intermediates.noindex/Brochacho.build/Debug/Brochacho.build/Objects-normal/arm64/Brochacho.LinkFileList -install_name @rpath/Brochacho.debug.dylib -Xlinker -rpath -Xlinker /Users/runner/Library/Developer/Xcode/DerivedData/Brochacho-bophpslfpqpondhathpifwanihyg/Build/Products/Debug/PackageFrameworks -Xlinker -rpath -Xlinker @executable_path/../Frameworks -Xlinker -object_path_lto -Xlinker /Users/runner/Library/Developer/Xcode/DerivedData/Brochacho-bophpslfpqpondhathpifwanihyg/Build/Intermediates.noindex/Brochacho.build/Debug/Brochacho.build/Objects-normal/arm64/Brochacho_lto.o -rdynamic -Xlinker -no_deduplicate -Xlinker -dependency_info -Xlinker /Users/runner/Library/Developer/Xcode/DerivedData/Brochacho-bophpslfpqpondhathpifwanihyg/Build/Intermediates.noindex/Brochacho.build/Debug/Brochacho.build/Objects-normal/arm64/Brochacho_dependency_info.dat -fobjc-link-runtime -L/Applications/Xcode_16.4.app/Contents/Developer/Toolchains/XcodeDefault.xctoolchain/usr/lib/swift/macosx -L/usr/lib/swift -Xlinker -add_ast_path -Xlinker /Users/runner/Library/Developer/Xcode/DerivedData/Brochacho-bophpslfpqpondhathpifwanihyg/Build/Intermediates.noindex/Brochacho.build/Debug/Brochacho.build/Objects-normal/arm64/Brochacho.swiftmodule -Wl,-no_warn_duplicate_libraries -Wl,-no_warn_duplicate_libraries -Wl,-no_warn_duplicate_libraries -Wl,-no_warn_duplicate_libraries -framework Foundation -framework ApplicationServices -framework IOKit -Xlinker -alias -Xlinker _main -Xlinker ___debug_main_executable_dylib_entry_point -o /Users/runner/Library/Developer/Xcode/DerivedData/Brochacho-bophpslfpqpondhathpifwanihyg/Build/Products/Debug/Brochacho.app/Contents/MacOS/Brochacho.debug.dylib -Xlinker -add_ast_path -Xlinker /Users/runner/Library/Developer/Xcode/DerivedData/Brochacho-bophpslfpqpondhathpifwanihyg/Build/Intermediates.noindex/BrochachoCore.build/Debug/BrochachoCore.build/Objects-normal/arm64/BrochachoCore.swiftmodule -Xlinker -add_ast_path -Xlinker /Users/runner/Library/Developer/Xcode/DerivedData/Brochacho-bophpslfpqpondhathpifwanihyg/Build/Intermediates.noindex/DynamicNotchKit.build/Debug/DynamicNotchKit.build/Objects-normal/arm64/DynamicNotchKit.swiftmodule -Xlinker -add_ast_path -Xlinker /Users/runner/Library/Developer/Xcode/DerivedData/Brochacho-bophpslfpqpondhathpifwanihyg/Build/Intermediates.noindex/HotKey.build/Debug/HotKey.build/Objects-normal/arm64/HotKey.swiftmodule

ConstructStubExecutorLinkFileList /Users/runner/Library/Developer/Xcode/DerivedData/Brochacho-bophpslfpqpondhathpifwanihyg/Build/Intermediates.noindex/Brochacho.build/Debug/Brochacho.build/Brochacho-ExecutorLinkFileList-normal-arm64.txt (in target 'Brochacho' from project 'Brochacho')
    cd /Users/runner/work/brochacho/brochacho/App
    construct-stub-executor-link-file-list /Users/runner/Library/Developer/Xcode/DerivedData/Brochacho-bophpslfpqpondhathpifwanihyg/Build/Products/Debug/Brochacho.app/Contents/MacOS/Brochacho.debug.dylib /Applications/Xcode_16.4.app/Contents/Developer/Platforms/MacOSX.platform/Developer/usr/lib/libPreviewsJITStubExecutor_no_swift_entry_point.a /Applications/Xcode_16.4.app/Contents/Developer/Platforms/MacOSX.platform/Developer/usr/lib/libPreviewsJITStubExecutor.a --output /Users/runner/Library/Developer/Xcode/DerivedData/Brochacho-bophpslfpqpondhathpifwanihyg/Build/Intermediates.noindex/Brochacho.build/Debug/Brochacho.build/Brochacho-ExecutorLinkFileList-normal-arm64.txt
note: Using stub executor library with Swift entry point. (in target 'Brochacho' from project 'Brochacho')

Ld /Users/runner/Library/Developer/Xcode/DerivedData/Brochacho-bophpslfpqpondhathpifwanihyg/Build/Products/Debug/Brochacho.app/Contents/MacOS/Brochacho normal (in target 'Brochacho' from project 'Brochacho')
    cd /Users/runner/work/brochacho/brochacho/App
    /Applications/Xcode_16.4.app/Contents/Developer/Toolchains/XcodeDefault.xctoolchain/usr/bin/clang -Xlinker -reproducible -target arm64-apple-macos13.0 -isysroot /Applications/Xcode_16.4.app/Contents/Developer/Platforms/MacOSX.platform/Developer/SDKs/MacOSX15.5.sdk -O0 -L/Users/runner/Library/Developer/Xcode/DerivedData/Brochacho-bophpslfpqpondhathpifwanihyg/Build/Products/Debug -F/Users/runner/Library/Developer/Xcode/DerivedData/Brochacho-bophpslfpqpondhathpifwanihyg/Build/Products/Debug/PackageFrameworks -F/Users/runner/Library/Developer/Xcode/DerivedData/Brochacho-bophpslfpqpondhathpifwanihyg/Build/Products/Debug/PackageFrameworks -F/Users/runner/Library/Developer/Xcode/DerivedData/Brochacho-bophpslfpqpondhathpifwanihyg/Build/Products/Debug/PackageFrameworks -F/Users/runner/Library/Developer/Xcode/DerivedData/Brochacho-bophpslfpqpondhathpifwanihyg/Build/Products/Debug/PackageFrameworks -F/Users/runner/Library/Developer/Xcode/DerivedData/Brochacho-bophpslfpqpondhathpifwanihyg/Build/Products/Debug -Xlinker -rpath -Xlinker @executable_path -Xlinker -rpath -Xlinker /Users/runner/Library/Developer/Xcode/DerivedData/Brochacho-bophpslfpqpondhathpifwanihyg/Build/Products/Debug/PackageFrameworks -Xlinker -rpath -Xlinker @executable_path/../Frameworks -rdynamic -Xlinker -no_deduplicate -e ___debug_blank_executor_main -Xlinker -sectcreate -Xlinker __TEXT -Xlinker __debug_dylib -Xlinker /Users/runner/Library/Developer/Xcode/DerivedData/Brochacho-bophpslfpqpondhathpifwanihyg/Build/Intermediates.noindex/Brochacho.build/Debug/Brochacho.build/Brochacho-DebugDylibPath-normal-arm64.txt -Xlinker -sectcreate -Xlinker __TEXT -Xlinker __debug_instlnm -Xlinker /Users/runner/Library/Developer/Xcode/DerivedData/Brochacho-bophpslfpqpondhathpifwanihyg/Build/Intermediates.noindex/Brochacho.build/Debug/Brochacho.build/Brochacho-DebugDylibInstallName-normal-arm64.txt -Xlinker -filelist -Xlinker /Users/runner/Library/Developer/Xcode/DerivedData/Brochacho-bophpslfpqpondhathpifwanihyg/Build/Intermediates.noindex/Brochacho.build/Debug/Brochacho.build/Brochacho-ExecutorLinkFileList-normal-arm64.txt /Users/runner/Library/Developer/Xcode/DerivedData/Brochacho-bophpslfpqpondhathpifwanihyg/Build/Products/Debug/Brochacho.app/Contents/MacOS/Brochacho.debug.dylib -o /Users/runner/Library/Developer/Xcode/DerivedData/Brochacho-bophpslfpqpondhathpifwanihyg/Build/Products/Debug/Brochacho.app/Contents/MacOS/Brochacho

CopySwiftLibs /Users/runner/Library/Developer/Xcode/DerivedData/Brochacho-bophpslfpqpondhathpifwanihyg/Build/Products/Debug/Brochacho.app (in target 'Brochacho' from project 'Brochacho')
    cd /Users/runner/work/brochacho/brochacho/App
    builtin-swiftStdLibTool --copy --verbose --scan-executable /Users/runner/Library/Developer/Xcode/DerivedData/Brochacho-bophpslfpqpondhathpifwanihyg/Build/Products/Debug/Brochacho.app/Contents/MacOS/Brochacho.debug.dylib --scan-folder /Users/runner/Library/Developer/Xcode/DerivedData/Brochacho-bophpslfpqpondhathpifwanihyg/Build/Products/Debug/Brochacho.app/Contents/Frameworks --scan-folder /Users/runner/Library/Developer/Xcode/DerivedData/Brochacho-bophpslfpqpondhathpifwanihyg/Build/Products/Debug/Brochacho.app/Contents/PlugIns --scan-folder /Users/runner/Library/Developer/Xcode/DerivedData/Brochacho-bophpslfpqpondhathpifwanihyg/Build/Products/Debug/Brochacho.app/Contents/Library/SystemExtensions --scan-folder /Users/runner/Library/Developer/Xcode/DerivedData/Brochacho-bophpslfpqpondhathpifwanihyg/Build/Products/Debug/Brochacho.app/Contents/Extensions --platform macosx --toolchain /Applications/Xcode_16.4.app/Contents/Developer/Toolchains/XcodeDefault.xctoolchain --destination /Users/runner/Library/Developer/Xcode/DerivedData/Brochacho-bophpslfpqpondhathpifwanihyg/Build/Products/Debug/Brochacho.app/Contents/Frameworks --strip-bitcode --strip-bitcode-tool /Applications/Xcode_16.4.app/Contents/Developer/Toolchains/XcodeDefault.xctoolchain/usr/bin/bitcode_strip --emit-dependency-info /Users/runner/Library/Developer/Xcode/DerivedData/Brochacho-bophpslfpqpondhathpifwanihyg/Build/Intermediates.noindex/Brochacho.build/Debug/Brochacho.build/SwiftStdLibToolInputDependencies.dep --filter-for-swift-os
Ignoring --strip-bitcode because --sign was not passed

ExtractAppIntentsMetadata (in target 'Brochacho' from project 'Brochacho')
    cd /Users/runner/work/brochacho/brochacho/App
    /Applications/Xcode_16.4.app/Contents/Developer/Toolchains/XcodeDefault.xctoolchain/usr/bin/appintentsmetadataprocessor --toolchain-dir /Applications/Xcode_16.4.app/Contents/Developer/Toolchains/XcodeDefault.xctoolchain --module-name Brochacho --sdk-root /Applications/Xcode_16.4.app/Contents/Developer/Platforms/MacOSX.platform/Developer/SDKs/MacOSX15.5.sdk --xcode-version 16F6 --platform-family macOS --deployment-target 13.0 --bundle-identifier com.adi.brochacho --output /Users/runner/Library/Developer/Xcode/DerivedData/Brochacho-bophpslfpqpondhathpifwanihyg/Build/Products/Debug/Brochacho.app/Contents/Resources --target-triple arm64-apple-macos13.0 --binary-file /Users/runner/Library/Developer/Xcode/DerivedData/Brochacho-bophpslfpqpondhathpifwanihyg/Build/Products/Debug/Brochacho.app/Contents/MacOS/Brochacho --dependency-file /Users/runner/Library/Developer/Xcode/DerivedData/Brochacho-bophpslfpqpondhathpifwanihyg/Build/Intermediates.noindex/Brochacho.build/Debug/Brochacho.build/Objects-normal/arm64/Brochacho_dependency_info.dat --stringsdata-file /Users/runner/Library/Developer/Xcode/DerivedData/Brochacho-bophpslfpqpondhathpifwanihyg/Build/Intermediates.noindex/Brochacho.build/Debug/Brochacho.build/Objects-normal/arm64/ExtractedAppShortcutsMetadata.stringsdata --source-file-list /Users/runner/Library/Developer/Xcode/DerivedData/Brochacho-bophpslfpqpondhathpifwanihyg/Build/Intermediates.noindex/Brochacho.build/Debug/Brochacho.build/Objects-normal/arm64/Brochacho.SwiftFileList --metadata-file-list /Users/runner/Library/Developer/Xcode/DerivedData/Brochacho-bophpslfpqpondhathpifwanihyg/Build/Intermediates.noindex/Brochacho.build/Debug/Brochacho.build/Brochacho.DependencyMetadataFileList --static-metadata-file-list /Users/runner/Library/Developer/Xcode/DerivedData/Brochacho-bophpslfpqpondhathpifwanihyg/Build/Intermediates.noindex/Brochacho.build/Debug/Brochacho.build/Brochacho.DependencyStaticMetadataFileList --swift-const-vals-list /Users/runner/Library/Developer/Xcode/DerivedData/Brochacho-bophpslfpqpondhathpifwanihyg/Build/Intermediates.noindex/Brochacho.build/Debug/Brochacho.build/Objects-normal/arm64/Brochacho.SwiftConstValuesFileList --compile-time-extraction --deployment-aware-processing --validate-assistant-intents --no-app-shortcuts-localization
2026-09-30 16:29:21.166 appintentsmetadataprocessor[7650:28841] Starting appintentsmetadataprocessor export
2026-09-30 16:29:21.168 appintentsmetadataprocessor[7650:28841] warning: Metadata extraction skipped. No AppIntents.framework dependency found.

RegisterExecutionPolicyException /Users/runner/Library/Developer/Xcode/DerivedData/Brochacho-bophpslfpqpondhathpifwanihyg/Build/Products/Debug/Brochacho.app (in target 'Brochacho' from project 'Brochacho')
    cd /Users/runner/work/brochacho/brochacho/App
    builtin-RegisterExecutionPolicyException /Users/runner/Library/Developer/Xcode/DerivedData/Brochacho-bophpslfpqpondhathpifwanihyg/Build/Products/Debug/Brochacho.app

Validate /Users/runner/Library/Developer/Xcode/DerivedData/Brochacho-bophpslfpqpondhathpifwanihyg/Build/Products/Debug/Brochacho.app (in target 'Brochacho' from project 'Brochacho')
    cd /Users/runner/work/brochacho/brochacho/App
    builtin-validationUtility /Users/runner/Library/Developer/Xcode/DerivedData/Brochacho-bophpslfpqpondhathpifwanihyg/Build/Products/Debug/Brochacho.app -no-validate-extension -infoplist-subpath Contents/Info.plist

Touch /Users/runner/Library/Developer/Xcode/DerivedData/Brochacho-bophpslfpqpondhathpifwanihyg/Build/Products/Debug/Brochacho.app (in target 'Brochacho' from project 'Brochacho')
    cd /Users/runner/work/brochacho/brochacho/App
    /usr/bin/touch -c /Users/runner/Library/Developer/Xcode/DerivedData/Brochacho-bophpslfpqpondhathpifwanihyg/Build/Products/Debug/Brochacho.app

RegisterWithLaunchServices /Users/runner/Library/Developer/Xcode/DerivedData/Brochacho-bophpslfpqpondhathpifwanihyg/Build/Products/Debug/Brochacho.app (in target 'Brochacho' from project 'Brochacho')
    cd /Users/runner/work/brochacho/brochacho/App
    /System/Library/Frameworks/CoreServices.framework/Versions/Current/Frameworks/LaunchServices.framework/Versions/Current/Support/lsregister -f -R -trusted /Users/runner/Library/Developer/Xcode/DerivedData/Brochacho-bophpslfpqpondhathpifwanihyg/Build/Products/Debug/Brochacho.app

** BUILD SUCCEEDED **

